dimension,birth,death
1,32.40690724605389,114.45032454659349
1,33.21022120531051,98.88672478978948
1,38.60516234662415,97.30267713331466
1,45.54560611008879,95.64213321727946
1,34.074924943823255,81.97964223337681
1,32.37195500871535,78.42362967974664
1,28.6567675414241,74.69032619979022
1,31.39131711861846,73.91805000437596
1,37.78515071342457,80.15682307350066
1,35.110381376914084,76.54027164783507
1,29.366568681383562,70.28873132452914
1,30.48089863843564,70.73030886189994
1,46.54586329857387,85.94913098359838
1,38.7944566368533,77.54240939479772
1,29.272056624598065,67.14923641602748
1,34.589648372638884,71.81468855718741
1,30.406273475873714,66.3075064959592
1,30.691180062385975,65.85647896125883
1,30.54320697735089,64.98924445159875
1,30.9534114120786,65.17068234946188
1,30.620848742895355,64.35536184705612
1,29.4036352739153,62.56918524264004
1,32.861019185329354,66.02651466715896
1,32.57319274531425,64.97205475533686
1,30.96187798647566,63.324094490925155
1,29.16571676941033,61.50277817433174
1,35.19172736844451,67.3573622044007
1,33.85376419731418,65.83107263938238
1,31.60937473131822,63.57320027860298
1,24.56997533071428,56.466328931866386
1,32.070643258156245,63.74885024799914
1,35.29969472380757,66.8521593672006
1,32.68428574537205,64.22377070764153
1,28.615596378389178,59.80721726220955
1,31.298439069694876,62.4619006219773
1,31.691300464987837,62.11163130354948
1,28.85714085838936,58.683847747621456
1,28.228315235161375,57.954036502390224
1,29.394974800991186,58.956136587412026
1,32.14469393754329,61.64898683671052
1,31.11118239229156,60.59023557521747
1,30.47693939610451,59.897755988125546
1,30.552624672718316,59.840832494536606
1,33.98122323939879,62.936568008000194
1,33.5949728293664,62.43987650641482
1,32.33965637405694,61.12014766611075
1,29.688173149511417,58.43144890993452
1,35.75233272271137,64.38184699864084
1,36.88286522922999,65.45693749679586
1,29.724044417537694,58.2714405164451
1,29.51777420699084,57.74863166653607
1,35.59127037339736,63.75060138494121
1,32.769316365149336,60.92627011740531
1,22.81299791045951,50.671755671826695
1,31.574211256015733,59.09019837141437
1,35.71022610020521,62.86120479697155
1,30.518420676847153,57.499832998737894
1,32.17908422166052,58.81883201652939
1,31.658680182148625,58.286338674333805
1,28.984864543996274,55.533652821374844
1,31.431726233661035,57.9620877434836
1,31.333411675714345,57.80458267021602
1,28.298622351430186,54.76817558903731
1,31.35547506915677,57.77283637216971
1,38.50379138903165,64.6402910399181
1,30.654914795256612,56.742268350657
1,40.82545090512831,66.88048519967403
1,31.137404057613242,56.77637003810271
1,26.93008871643387,52.56599053983537
1,35.228191898343916,60.788601535872616
1,25.824285647559154,51.342298003010896
1,34.81097111766252,59.97045104108055
1,53.04457241371939,78.07937892409515
1,34.052062956353645,59.03611205482134
1,28.696448565991687,53.662238443679435
1,37.79716769932642,62.589215014998295
1,34.55419800648637,59.34605007682243
1,35.147068010546825,59.875564774055434
1,35.907762336426195,60.615259485369705
1,31.987879759842077,56.64835052480185
1,37.69248327756372,62.320848737455904
1,34.85493714900056,59.46491517995721
1,33.11603191620787,57.65429504759594
1,34.94459626618415,59.43914276258665
1,31.949873790189223,56.43036424398891
1,30.816831456606177,55.19421601181647
1,32.40985014266545,56.72465485736682
1,34.93875125096112,59.214996035387834
1,30.30738854105927,54.52488188237172
1,30.75194943327714,54.57747703812884
1,38.116823244223134,61.90611439009654
1,28.511112446564844,52.27874544240039
1,30.630186487311825,54.35795116356294
1,32.74703785728656,56.40143210155448
1,31.536253336071763,55.00627486381159
1,27.378455858302754,50.829912835897275
1,31.752889657528357,55.14546854515007
1,29.789572427742616,53.11277127624532
1,31.612574676686588,54.9182360499381
1,36.82731956515311,60.0248349553219
1,31.273190027295023,54.417177024628494
1,36.487810792468835,59.59752018448131
1,36.172129942589784,59.262517797343314
1,30.59127629998942,53.60088556297072
1,34.28692152962252,57.2184996454266
1,28.68663154910879,51.38020786943426
1,32.577857023894545,55.20043166629896
1,28.18230939821189,50.70330059076513
1,30.366029047822163,52.70586681397181
1,27.164816624987647,49.43881975860768
1,26.49436800867671,48.68707144396959
1,38.35714623641527,60.53980137526446
1,29.708314455848264,51.727475985625546
1,32.4901564091266,54.49728924380299
1,32.764938210227655,54.71747713762252
1,44.59170103869752,66.52436268541304
1,28.53183202425198,50.381556105731235
1,33.88488003622976,55.68833353802504
1,30.411566717447922,52.11782483344803
1,33.110948372666506,54.70495587810582
1,26.739290537911575,48.30292360430869
1,36.101635023464006,57.63729920940654
1,37.439270216388664,58.95136429242609
1,29.320157931241894,50.78677270531495
1,31.032657940325667,52.362063497258156
1,31.873855689745675,53.14151097855476
1,31.76506302473737,53.01723624172706
1,29.39473687838542,50.612035497045625
1,35.342537205418665,56.535298572988026
1,30.851223891609376,52.042633009338914
1,31.902917789539867,53.040385777562896
1,35.84230318049766,56.89199817065118
1,41.92203745336749,62.89150338488719
1,42.480012675942184,63.4304579546352
1,30.524813294982707,51.4666840062292
1,30.193525815835486,51.06664842404894
1,36.498083125823285,57.341351710814216
1,31.892352143775025,52.71752992832778
1,35.80169826210465,56.62231418114382
1,35.06400907719552,55.80533598252723
1,30.028523775615707,50.762262843041185
1,37.03191086508645,57.713138874895066
1,24.037467238979012,44.59591691639921
1,28.31839893158338,48.76426365849515
1,32.703592542218395,53.13934426158808
1,36.43844998206215,56.833266157891074
1,33.854860981971775,54.23854326317727
1,40.23605521415739,60.564103699698094
1,38.34086266388413,58.65322335145072
1,30.04315366661561,50.31412935513253
1,33.82770432752655,54.03071559421261
1,30.097777873360585,50.2689495948034
1,34.21601599814186,54.28452661642188
1,34.32009303968553,54.30932313073657
1,33.373099038888505,53.2666277881755
1,33.08035451881676,52.96978686417118
1,31.528109958574518,51.329673422438624
1,31.158446413287066,50.741050962885645
1,25.758246040103277,45.312742475073755
1,44.94918740644825,64.42156606044888
1,27.21516486384916,46.67012711797939
1,48.35730653471139,67.79438462720634
1,31.772669455776555,51.20101324368085
1,32.97697367728924,52.38069333063447
1,31.398152595517505,50.79199904354528
1,31.919338136544365,51.306430219741436
1,27.758698515549238,47.116530442075465
1,30.230094477675195,49.57642209566651
1,35.20414865723251,54.54793616078906
1,32.01487462321623,51.34891622588322
1,32.97927907995534,52.29155446881838
1,25.17988136578173,44.46765198405334
1,28.385882873366132,47.64413176689718
1,36.90449517436984,56.08567390814379
1,34.94471092968322,53.969113816793076
1,30.59296984663265,49.59720711432638
1,32.81916290281534,51.81299805339931
1,33.253283613265566,52.22905796728682
1,34.82478877170244,53.7785623019494
1,28.75058082065665,47.650087586417776
1,36.25998597942943,55.0367814894736
1,32.33033454671306,51.053863404833436
1,32.02041468113855,50.72754110031586
1,34.160372282155514,52.800950573795866
1,30.62416707865813,49.25040921574223
1,33.12829509458142,51.693405788920934
1,38.21151195923044,56.72418753364014
1,27.40875965002011,45.912769897222695
1,31.879304613923576,50.356353595024885
1,31.3340553958007,49.807647458488965
1,25.277545851532587,43.73301173704098
1,36.930421449394245,55.32385999765777
1,33.204910184423746,51.5961671264673
1,27.941120442682507,46.26450959493012
1,32.91682029070278,51.13085556240139
1,29.937467879388972,48.10088171029417
1,41.20116747590632,59.318529336448215
1,28.41157402493784,46.524836813329465
1,40.32882929808616,58.436302039836214
1,27.955496496845825,46.001333638864544
1,31.621696416541216,49.64631674602493
1,33.604943119352214,51.623651601472694
1,30.597812587045524,48.60315447110447
1,29.488739766923864,47.482673846534816
1,37.767232952086125,55.75549188423673
1,36.77005359453023,54.66411840890201
1,32.60043855855953,50.430108087732215
1,26.206569430359032,44.02255830908325
1,29.876326477664357,47.685671434013216
1,25.926427605790963,43.51572085485407
1,27.609065767493647,45.19553959643555
1,32.35923478965303,49.91671524181495
1,32.39421499723675,49.93125305975234
1,28.50160974255385,46.02952577300172
1,31.275708801081837,48.7984615140458
1,33.011738908669024,50.49678195029374
1,30.769299242258665,48.19053626733068
1,37.66811928257857,55.08810063792992
1,43.613699878533524,61.03268127747502
1,39.205817205471924,56.59712726296
1,32.020995439779405,49.39929359606783
1,35.139247673018,52.504290489269025
1,24.614426374091636,41.959601860063714
1,29.056860399723455,46.39650117711484
1,36.362261463110556,53.670687248545086
1,29.710183970402156,47.002419765678454
1,31.045907627611967,48.33374741923331
1,29.998627510651765,47.2546601083703
1,35.880170435325496,53.11396370488302
1,28.210418935649887,45.41656831523327
1,32.66368020565535,49.74423260537666
1,40.500588936920316,57.561292929278714
1,32.162529399177224,49.19645237296805
1,34.08872626779098,51.11959986587382
1,41.23768303859038,58.235288495834936
1,28.125021311842254,44.84294484041572
1,35.23897355790772,51.91896581891892
1,28.345329319583275,44.96516336595315
1,30.320244847349105,46.92640353381927
1,41.24221671628229,57.81690178901494
1,31.21535748486828,47.71901689565382
1,26.50587990570348,42.908297260201216
1,27.01305802075619,43.39971776511597
1,41.54251295085166,57.88536365105615
1,44.02304803648698,60.307450010590756
1,39.33950827671926,55.557885338007615
1,34.11286982512185,50.28740238700703
1,30.90943554686302,47.021820035872125
1,30.815215132479512,46.905521415085964
1,30.491283292449975,46.548457343170654
1,28.364104951178476,44.40938607903515
1,32.760224529894565,48.79098882077359
1,25.6400459588536,41.609177872975415
1,38.066197457488464,53.961914387728555
1,32.81954820316414,48.7012416238245
1,32.39946985782974,48.275790841664254
1,30.928052937981303,46.77092588418472
1,31.316435745108272,47.1370615204676
1,39.430337352234204,55.18493356577117
1,26.773629561376456,42.41674484990567
1,36.810887955966614,52.39870375120394
1,29.56350135426805,45.11107098689675
1,32.94618924776516,48.4895233067669
1,34.66910169715061,50.20147052763927
1,43.32391637549647,58.796214048990386
1,31.919946978287204,47.38339719762946
1,30.516935290332903,45.926012462961744
1,31.271176756594514,46.654315671973556
1,24.875409443496856,40.22109144012047
1,29.560690412007407,44.894448702549745
1,27.280123393273914,42.60958751835348
1,31.25283055511744,46.581121279818106
1,45.006012568310545,60.30109279591367
1,32.5141905354683,47.76902993504257
1,25.835933568708494,41.04055271584811
1,38.844779210012,54.034832915345824
1,31.164394795334097,46.35249904166089
1,49.7472272578474,64.92741036255977
1,33.4438188059678,48.56150922884697
1,30.208492310196906,45.309834104288925
1,34.39382550101186,49.39588310548095
1,40.26701213767214,55.222177938466714
1,32.8900449838332,47.80423970214402
1,27.95177354236107,42.816523637583735
1,33.48239952955349,48.30361217028518
1,30.064494446893086,44.88127259547345
1,30.964123396276186,45.76089758460156
1,30.061714546055352,44.8581077760046
1,25.198679944454508,39.8894564631377
1,36.64435995850353,51.33138859117838
1,33.54870622620281,48.216464919582
1,33.28240740321304,47.89888657167757
1,32.921889638069864,47.526487200425855
1,32.826813372748106,47.348997231394385
1,34.628675375794,49.10805312944981
1,33.43154170836039,47.8872736662375
1,42.90301493776588,57.34136824062601
1,33.70597286824408,48.09690605274594
1,38.827122764243676,53.20780081550394
1,39.639657220761045,53.978385757235046
1,32.32422788368626,46.63702640531612
1,25.440745073563004,39.724895758282706
1,27.581102025110688,41.828142100883134
1,39.49803785916505,53.71827265014744
1,26.93653539200907,41.12679241911234
1,28.82577405695975,42.94129466201371
1,41.080716333985684,55.17200250587931
1,35.581933403161955,49.6617259107694
1,23.611111151244973,37.654609517003536
1,31.920982437227924,45.933338892649374
1,36.54893378931512,50.55798849707008
1,33.934055005964815,47.930803553702596
1,39.75355216739726,53.7106225024053
1,40.51428985780788,54.460400651230046
1,39.89794026533023,53.79905116760476
1,26.567469781979504,40.467513602823374
1,25.03813512268878,38.87235698336123
1,27.234085008244072,41.06490812903778
1,33.514790893840306,47.30517999446471
1,42.79467019787577,56.48953875852454
1,27.926200285884885,41.56029409035914
1,30.61658671510943,44.15572883421582
1,26.74636082237505,40.26754849299458
1,41.813702265573006,55.30015773108578
1,30.694595909885777,44.16686027452424
1,30.060225020626508,43.50381966300177
1,31.0368513404222,44.46974308231217
1,30.646463418919986,44.066176526538754
1,43.63980864627162,57.03824651323936
1,35.52892996131196,48.850258963730624
1,29.84485598096259,43.147812949841835
1,29.34479059420535,42.58628955255894
1,28.406818533710023,41.62853309634698
1,35.41962397634831,48.63303794197109
1,26.181102113490557,39.38873800436341
1,27.554084057132183,40.720366041553866
1,35.74753457966298,48.863589463684725
1,26.02849890755529,39.14303088979864
1,33.39592578546967,46.46657405133241
1,31.622659526783437,44.68457972858063
1,37.368152051437725,50.42430905903245
1,33.855903416536705,46.910868624103365
1,33.23600173546292,46.26154759635035
1,26.27359383724814,39.29693009394225
1,33.92475759096246,46.94298545011842
1,51.95526910378506,64.93608583584505
1,28.468465702208768,41.439135356930485
1,28.8838317549111,41.84410052908064
1,34.20068019810336,47.104224123008215
1,36.01502043835938,48.83954267479396
1,34.775574397469846,47.59339226282183
1,30.07906270039507,42.895168851828004
1,31.294600997062165,44.0984711093419
1,29.528870263325654,42.314967445381285
1,27.31337721944066,39.99416562691653
1,35.72906525187894,48.38427093525982
1,41.99847277481319,54.63508684259884
1,34.71057083667189,47.343801139566295
1,37.030165313110146,49.65524373040266
1,39.36751545512729,51.9637517411548
1,28.906096040854976,41.499799346932576
1,26.685892842776024,39.23020494551338
1,33.466664891085706,45.97043308249882
1,27.169848784528792,39.65604742742575
1,33.27260263857478,45.75329000413966
1,30.86591500857937,43.3382976880177
1,24.236479450179313,36.70631993088319
1,36.47352634222946,48.93263932688716
1,28.546167708021525,41.00234130976885
1,25.767992171792226,38.20583774402885
1,26.66848588864923,39.1052478211007
1,30.33214964533841,42.74966163292564
1,38.02432596878068,50.423358370660026
1,33.18934331966648,45.5839057534628
1,27.702618896889913,40.089176612598486
1,34.9101393097694,47.29534180588634
1,29.624699117703415,41.956585864444904
1,51.472687528179954,63.79485902165265
1,26.86172778353203,39.178363487555494
1,33.42108561344563,45.729365964835694
1,36.09423719107705,48.36358839450113
1,28.749611048135833,41.01451863697006
1,31.904242361520286,44.15061311869201
1,43.75550015944828,55.97005205047521
1,42.7580262359137,54.96319854480846
1,45.865536133834965,58.05781577763646
1,35.13330696801287,47.20898651088358
1,36.27399564012936,48.26200864339168
1,47.41667183494721,59.370449810911396
1,30.293264626312855,42.23279728511725
1,30.98596803237966,42.90501934351728
1,31.81794487257053,43.7071265035957
1,43.63436040246688,55.52335117775236
1,34.35247248884497,46.238122060398204
1,34.391023452758574,46.27414126128425
1,33.058216425206496,44.91896058990999
1,35.81061942829503,47.64662415901803
1,36.13607799547817,47.9673159348851
1,57.37531129925215,69.19523091724388
1,41.50692448144571,53.319674673799774
1,30.658661254457783,42.44644310081844
1,24.927892190850187,36.6830439096434
1,44.660464415005734,56.409116834221486
1,51.19902274756663,62.927667997005116
1,27.113023072648996,38.74968213854993
1,28.023843287217836,39.65945254179395
1,38.94698453294753,50.55855888977757
1,35.15836105478323,46.759439642538034
1,31.685520999085128,43.27516318608845
1,22.196071137311726,33.70791026968532
1,35.898079407002264,47.402823347645615
1,34.206268208565426,45.698154421974
1,34.48898724174724,45.95863583068327
1,37.60702655511451,49.04363361639947
1,31.825751691244268,43.21404925970632
1,42.11762274130103,53.49336440106665
1,27.751087392999178,39.12240691213671
1,34.41720160605718,45.771204430521315
1,43.12953015287828,54.45797604340435
1,47.31033653546239,58.63771316916936
1,28.04883639251245,39.375548921702546
1,33.11591831939414,44.43015712581927
1,29.053431643941448,40.35470988554985
1,36.30215455955429,47.56673500665888
1,42.3064730040893,53.53411182084126
1,38.83332589986843,50.0596292419837
1,28.176708920918056,39.35883088406504
1,35.44088981113501,46.61792637782324
1,35.69114584432134,46.85474470599295
1,29.528618273693723,40.684180016051315
1,36.175368826080565,47.33077029180857
1,29.46321178257031,40.58929405082858
1,40.88399181501121,52.000247799095185
1,29.810546173239576,40.917875493225296
1,23.975791191577738,35.05716683402954
1,28.02225168794389,39.103510697669286
1,32.783145041105016,43.85209127775447
1,30.781757276833826,41.845038897956925
1,33.825943829626546,44.87871881895203
1,33.4491566007106,44.48992679269872
1,35.04655777010433,46.075830185651256
1,29.634354609667632,40.66268322845896
1,32.12107849404982,43.12840372013927
1,34.65356931404079,45.63273835146897
1,29.805825140979483,40.74632853906922
1,36.588993312263945,47.498966544964915
1,38.48543974000722,49.35936533014364
1,33.06728781897763,43.932714563411324
1,33.012017442655626,43.870227750514765
1,34.90773750875514,45.746476754454385
1,31.032696379287692,41.86426317089368
1,28.26947491009695,39.09509397026665
1,33.355677821696084,44.175789875452885
1,37.55771286309816,48.375752387042745
1,34.76499251136782,45.564108052788775
1,36.542737308359065,47.29835789674159
1,24.92878858545859,35.67042041363308
1,28.868771768942047,39.57960933742046
1,35.90269163705769,46.60290514519825
1,36.25502452721209,46.936738809148686
1,30.520835077438335,41.19245232449497
1,27.919955061863412,38.58794796288245
1,30.307600351842485,40.9733031994871
1,36.86618507009348,47.50852377927466
1,27.758439642903145,38.37301588808944
1,28.97693640708139,39.570117560449134
1,25.97664511301977,36.52605874056584
1,38.74836541219945,49.292859179327536
1,29.008451490829557,39.548027400274876
1,31.674933339912464,42.19705845884049
1,30.250790210092457,40.76636046738671
1,29.345613996848137,39.8591262919047
1,56.40202568158564,66.90673519132551
1,45.88116360943379,56.383828397770166
1,32.84610952809044,43.340824727799685
1,29.860271066403456,40.33598107593912
1,26.839568329711692,37.3122484647073
1,33.79356199102041,44.24984306122472
1,31.793314246085046,42.2483580335106
1,28.950219737199944,39.37916601639341
1,29.824281653896726,40.233765609123814
1,31.983174015202472,42.385529042389
1,30.159733636445363,40.558630871432584
1,31.30020394347999,41.66944338602408
1,27.19214498147312,37.56120569887896
1,32.35686255458748,42.71332079385143
1,37.33569707344465,47.67224966383962
1,26.09333343884292,36.423777268572024
1,29.350008689015908,39.65975201394854
1,28.608181046851435,38.90505734506809
1,42.58766268411274,52.865811383808
1,30.855061812144292,41.115360164901894
1,25.082718421666566,35.31518187434869
1,33.85841893351297,44.03628052730671
1,22.871553334889466,33.03647182583252
1,37.44775098906993,47.60979159539877
1,33.46252509661766,43.60564528837148
1,44.886497119181364,55.017786874875185
1,27.727920753428975,37.80968837434527
1,28.170819710837012,38.22745986899031
1,27.216951461460855,37.27337588989483
1,33.14823123211492,43.13804107007051
1,38.56089464112463,48.52428035669198
1,36.58994443746956,46.5452386019665
1,37.28674798196017,47.2147893279513
1,34.711306724912916,44.63670461611253
1,38.65445036638765,48.566978459869254
1,24.88946340574643,34.79879103978677
1,31.751199189578344,41.646711784320665
1,40.38155881734269,50.23336735560298
1,27.564505324922408,37.41102374912222
1,32.928051066282926,42.767166546783486
1,28.792995661622644,38.63009844591929
1,32.907763680862786,42.74278575003851
1,28.181111286571063,37.99963208096729
1,33.553971220162275,43.36248626621892
1,33.60303449662158,43.405594887210775
1,29.28601421821148,39.06567391619148
1,39.18863231960483,48.958205622807306
1,32.771116811473696,42.53759219761682
1,31.347589670081035,41.06964344311447
1,25.398811100817284,35.078835541582045
1,22.25096338490362,31.89088524302861
1,29.4344698689091,39.05987125915117
1,28.799049689917222,38.41998452598991
1,41.71068322770412,51.32710977931089
1,35.08187349706453,44.68466476449608
1,33.213395286975405,42.794651064585594
1,39.243582569814855,48.7821058914222
1,36.84148066497934,46.378513756507935
1,30.99340816216811,40.51299881215868
1,34.98669533658051,44.505174378524885
1,39.211422614415575,48.727264517203096
1,32.50627455411066,42.01944790972067
1,39.261642028206346,48.76471451498548
1,30.386749322717804,39.86463089884905
1,49.71797635732677,59.16870301913015
1,29.565408055774956,39.00739906105364
1,27.839202550919406,37.270067262147464
1,29.71703580612351,39.13972615002835
1,29.90447139716618,39.3173894561296
1,26.973553283203085,36.38168157979347
1,27.286442537680085,36.69171141290136
1,31.955613915922914,41.343436229937765
1,44.22159633670791,53.6064571527925
1,27.247459870030987,36.631702658549536
1,31.676019205273754,41.057524120401034
1,38.305846036299485,47.67813975533463
1,29.768314937968327,39.13437970083137
1,38.16907292479892,47.49538341611375
1,25.948843271515777,35.272401132109465
1,26.009371859150328,35.32136598777373
1,42.58072048683377,51.889375887751534
1,25.47632748298517,34.781370400039485
1,27.238794789485585,36.53182845748846
1,41.45014114077284,50.70398614161828
1,30.332217014194566,39.585179425151125
1,34.103447645386574,43.27091086068179
1,24.71013501704633,33.872965173527966
1,32.04821909647449,41.200254305394346
1,36.111915483316594,45.24317009072329
1,34.812068613895946,43.91671914132779
1,30.42966956205828,39.48672764534267
1,47.01929626474357,56.07091815415574
1,28.319211020958807,37.358255704695594
1,24.209880910649158,33.23820133338026
1,33.21177014328921,42.229415746921156
1,31.785759154559926,40.79844316827403
1,35.53828753786716,44.54463764754365
1,32.77407275991533,41.77961166210052
1,32.37173885468845,41.371315926375075
1,35.56871133234513,44.531248990339115
1,27.061037815210184,36.00231861525911
1,36.76133225476615,45.69419596086386
1,37.4915451822939,46.39484849585046
1,39.85362360716575,48.74641067972773
1,32.72490365007825,41.61158102285996
1,48.403845808003105,57.28768619023507
1,29.253699749814388,38.11054171861771
1,31.899488782458647,40.71792278954108
1,37.97376563897896,46.78200959187453
1,27.33555666740701,36.10912084784933
1,30.146853471588685,38.91915429031076
1,27.177875768580538,35.945640185900885
1,50.08168334110917,58.837141021194675
1,25.03618462913582,33.747223972184614
1,35.52022731111924,44.22244397957171
1,33.39420639597442,42.09478022844753
1,47.69460319096423,56.39113894948768
1,26.89000967169729,35.580406384322686
1,38.654951729486534,47.34314118544591
1,23.418690676614446,32.10621693099998
1,28.102306663564697,36.73391578712845
1,51.22738851634165,59.852844134921156
1,45.542831879977655,54.14382004791925
1,33.457175406431446,42.03999711227681
1,29.016132326296,37.59507944486837
1,42.02663137550499,50.59090601605027
1,30.166853574326048,38.72800588270824
1,36.907531460949286,45.44578882843418
1,26.096203433520728,34.63153080242918
1,26.48523255187281,35.00235118442151
1,36.061846662635965,44.576393300456076
1,29.18266278621891,37.696494958396556
1,27.49480325701444,36.00051023922427
1,40.77644117540622,49.27971460062371
1,36.572560041968984,45.07515831020698
1,31.084691927675014,39.510980023352104
1,31.879547001337343,40.30092763396362
1,28.974618603660474,37.36606214914612
1,35.3907091741368,43.775025613587786
1,27.060564735008946,35.410130856940015
1,35.58154087361476,43.919882407528966
1,35.629686541645135,43.880451159859625
1,48.928858282034746,57.1302213717082
1,43.75342702295962,51.94554033730896
1,39.082405018192546,47.26753813989099
1,25.287864177931745,33.45934972667945
1,31.642801230361293,39.80201978526342
1,31.228534932414426,39.37613548392317
1,24.483531147710075,32.62805336594676
1,22.95768226736986,31.097457994017383
1,35.744921295103566,43.876992703675484
1,42.77930950827987,50.90170342630727
1,28.214800093344248,36.33359841186383
1,33.541634876367425,41.6420377987024
1,27.732203541427392,35.82993771252902
1,26.674869020296306,34.7555566594388
1,36.47021415507035,44.55078254452621
1,23.78223949949841,31.86261749918896
1,43.55743989577502,51.63493772146393
1,37.280099834326876,45.3333746624882
1,25.48671020043698,33.533997418365445
1,32.80529310122366,40.840780758824664
1,33.39007158877759,41.41228078847778
1,30.281224877307036,38.205056156858156
1,31.742365393514415,39.664446181080436
1,32.496335459801685,40.3943188570921
1,38.49004103416287,46.38738066964282
1,34.36582868536601,42.21774345425937
1,29.8028696564872,37.64940226539794
1,36.977361457803475,44.79996558571002
1,30.874193526946506,38.68145030803728
1,41.40263527549287,49.206970732697634
1,41.163437420961145,48.95511188969575
1,24.023627287911538,31.806665006960035
1,25.68682459457114,33.4330711967632
1,37.42813779825379,45.165888620430295
1,30.418524149934186,38.15176222887163
1,36.2289486409389,43.94839282315617
1,38.109961065296915,45.82773009707154
1,32.30828808314996,40.0124005980595
1,38.82360238681839,46.52747868843699
1,47.65340018014314,55.345034337391276
1,42.53677553201291,50.22427018862925
1,49.82448479407007,57.47361564818441
1,34.719592694310734,42.33055553137924
1,44.06774603068888,51.64771764369705
1,37.557825682978134,45.13610863807746
1,26.275417450400564,33.85353150811385
1,53.23209599101385,60.79768266380019
1,34.80520714476365,42.366349368914435
1,37.259803601334234,44.811519088694126
1,28.317642886461204,35.86883682660582
1,37.24486146481737,44.78609676307153
1,51.99132881284804,59.5246457489172
1,31.245988502903728,38.74096714670244
1,46.632720553220935,54.120417545543646
1,44.80812486600886,52.28043367248208
1,23.830706812079722,31.293399480030885
1,46.933067506747655,54.38699082986689
1,29.713687038742172,37.15291943067843
1,44.58658985556698,52.022798333022926
1,31.852922966259836,39.272521063369695
1,33.72507803079201,41.13235902519735
1,23.64650411622868,31.04766517252229
1,32.66631627619121,40.06728741542669
1,38.71199027700045,46.107719489965994
1,27.79910604084917,35.19098586837185
1,34.05538898871389,41.42856485022481
1,33.75666416261786,41.12707374939355
1,38.308864294562895,45.64507992658921
1,35.709124606393,43.03995123547324
1,45.97844270253973,53.30722984030995
1,31.93752803643125,39.265683382735304
1,31.959864953636696,39.27951866008786
1,39.11645895629113,46.41601397946634
1,28.29821098087858,35.580775001547735
1,23.1784629930947,30.458100328655746
1,30.7305370384478,37.9935567806135
1,36.96552463806002,44.222880773614285
1,31.641930237932623,38.87619227476772
1,34.630268910520485,41.86105260219315
1,26.162508918750564,33.38631206088768
1,36.410167104618594,43.599027811847904
1,34.92827494954911,42.113207124151806
1,25.15399580596819,32.33840739537848
1,27.994086520481066,35.17825491222256
1,30.937585131193803,38.105706674127404
1,39.68032774896921,46.847598198785164
1,23.82052301383363,30.961749585928505
1,54.066614376811366,61.20597268868218
1,48.0180111893845,55.155503350232905
1,29.135196900485155,36.25582954389539
1,31.736169974588513,38.83895087095234
1,39.591341136631414,46.693720693306474
1,41.04333105112206,48.14088194527154
1,35.01676517505876,42.11079825215526
1,32.21075846140212,39.29396636960919
1,29.971190184443664,37.04713286197373
1,50.322277929354435,57.374654823275826
1,30.6533146193618,37.6930204675954
1,40.53489751497023,47.56089016258556
1,32.2914443555524,39.29617698519029
1,38.26190695655813,45.26017050173603
1,32.05311893193731,39.01453282197588
1,28.412090649166,35.37160708604854
1,43.16970351342806,50.108723133833074
1,22.639018252520223,29.572968780559897
1,30.864260594470423,37.78793751175248
1,33.495413661265744,40.41477122736369
1,35.392763631279834,42.282745099473566
1,38.10514067808354,44.98997424695699
1,38.40992926302028,45.28181490990494
1,34.076065217480995,40.917084155640346
1,31.068917845532738,37.90304728139406
1,23.699764811743943,30.53345857772498
1,28.659780949780796,35.48654290066966
1,29.82407335687154,36.619164844990834
1,32.14531276640069,38.93063104936394
1,33.4900500026215,40.273514113551634
1,30.744148409116928,37.52522509308468
1,33.23734143838341,40.01734540545584
1,19.492557743540164,26.270082956346055
1,33.09867343716637,39.862038677645145
1,41.34765565334802,48.108417160900636
1,37.680504142536364,44.4401644816928
1,46.13268684219435,52.87330458334023
1,31.545185169395683,38.282329801568395
1,35.39738685891143,42.12849724829692
1,40.665996816722355,47.37559471578058
1,41.083853346560666,47.77619892944773
1,29.6528430872862,36.33513717760572
1,23.916223701229136,30.558402749934466
1,23.22432250963501,29.849428448046826
1,29.118591160122712,35.724282262561374
1,25.060845361749813,31.66247149706314
1,30.62977761928935,37.21998388176084
1,28.79494043558624,35.38419642844062
1,39.71833061934648,46.27641752118072
1,37.654813156181255,44.18942188376885
1,35.68354249488225,42.19636470593612
1,26.576470285864737,33.016634777501956
1,22.68947896458406,29.12091702084327
1,31.49185409096661,37.91463035317972
1,28.33565101848258,34.750095518811655
1,26.57352175001862,32.97002427554817
1,30.74117251897594,37.134349711925466
1,31.180930653839845,37.54936429121531
1,33.4392645237504,39.78612447556143
1,29.190839422471708,35.51851160657296
1,31.513518031671435,37.82790029039994
1,29.94954753120701,36.25403582194838
1,31.70981448737507,38.006868257671286
1,37.60015314287383,43.88062367466121
1,37.54148709243353,43.82111875003987
1,25.23206649700577,31.507987698803024
1,29.486854212657267,35.76121368557941
1,32.71799161053212,38.95099390206615
1,48.97550670539635,55.20496644273962
1,32.806498552544745,39.034007199607636
1,44.4472720364131,50.67312406150313
1,40.22371769671127,46.442412980993154
1,40.38451934466227,46.586519177804384
1,28.777135954931058,34.97227629980236
1,29.852358704734844,36.03049860875431
1,37.30207362486552,43.47009174067429
1,33.82739485587404,39.99266146193466
1,48.38166555797384,54.51977671731477
1,38.18288404544605,44.304805104238945
1,29.193902169901968,35.29620445391762
1,34.087335387403094,40.18623906191408
1,26.776699911466814,32.873964396552104
1,25.315312922447642,31.394179588040878
1,45.11214050729576,51.16958046865719
1,29.77125955691147,35.80814273128804
1,27.96275850688079,33.99561971378891
1,28.024677067302044,34.056934221421926
1,26.209817900589634,32.21809607543967
1,37.09151478041099,43.09566587954707
1,24.30513190471962,30.30828939519502
1,30.913030107335743,36.91561612862067
1,26.44761968499124,32.443248561331
1,44.158014274408586,50.1412953296153
1,31.03961297250402,37.0141519910098
1,31.41085610858483,37.375515368141
1,36.82635449302471,42.77248553842664
1,33.913983371878935,39.84948361083785
1,40.646253987449015,46.56871008323941
1,25.066763331906003,30.973544360438346
1,31.308177121061544,37.21045493184407
1,42.247737482634314,48.12578889232576
1,36.8519826442288,42.721681223809604
1,41.85936292726784,47.71912420222715
1,40.45618358263175,46.313963775417754
1,30.55450775703678,36.39352193127604
1,52.3852484125114,58.19016757313936
1,36.852657372843574,42.65613724057068
1,43.43336088858971,49.226496949713926
1,31.505881519829362,37.28982771202976
1,36.779376607816104,42.53775454042546
1,40.521965465870835,46.26702592777022
1,46.864749884282446,52.59063321402942
1,33.95027623741697,39.66489067840227
1,34.174894054294,39.8843118146854
1,20.22107832811881,25.929680464508408
1,37.790254720914156,43.48772903226922
1,35.85859473803956,41.550094278605734
1,30.2344880748264,35.92106711973221
1,38.89772579272673,44.57401164906116
1,28.987030581365207,34.661635218598036
1,34.28073901420865,39.94416671409465
1,32.067110934290156,37.72986330814376
1,30.17762687176952,35.83985834891201
1,43.710313562208036,49.369049207950624
1,40.150815770296525,45.80632242580631
1,35.2172139423884,40.87124994615375
1,30.112340251055326,35.759767786180504
1,32.55922919968618,38.184686012164555
1,32.807949823963106,38.426787720781526
1,32.54193716391345,38.13843858485656
1,35.440106743592516,41.02137974195342
1,36.98311531017721,42.560591842058074
1,27.345002285969727,32.92007763779489
1,53.79217322389815,59.34839404048045
1,26.597257961336055,32.1504280470895
1,31.38395614158992,36.93428412180076
1,31.769179107172118,37.31353045801513
1,31.83248488432381,37.37452151454752
1,27.862517263715215,33.39786479382545
1,32.57499727360246,38.098224323631555
1,36.08087236787092,41.601554948139004
1,29.55755469702956,35.067170872588974
1,35.41506615138032,40.92032170618243
1,37.63893161259164,43.12984121579346
1,42.531448145442575,48.02059581311887
1,35.92871265939058,41.40354142847744
1,31.095582399447775,36.56093945550047
1,31.625953736254786,37.08271297032292
1,28.073687281901847,33.52820566868407
1,31.90884781175276,37.35234149852825
1,30.9483246543518,36.38376956711581
1,32.07086802438084,37.50184824835983
1,29.88943258505359,35.30682997602761
1,57.01743021869855,62.42480280509531
1,35.6890895427056,41.090536937675964
1,35.95903412318927,41.35260705274817
1,22.482053125119883,27.86867010392434
1,37.61789997879362,42.99756901910784
1,43.262841452483705,48.63330178935047
1,33.54627079071265,38.91653489098565
1,22.46814073916329,27.826215363640546
1,16.6769695916684,22.024167708060727
1,48.82730124793363,54.16956758442155
1,54.06258656537662,59.404251605704644
1,31.223725340289565,36.56495391337142
1,25.078529639414224,30.41770857715722
1,23.81186621418923,29.13810532826822
1,40.243148036616844,45.567237550884265
1,30.65646904237905,35.980085694527844
1,31.283717487892346,36.60636108211426
1,32.15212808768122,37.46361410779525
1,41.78789411331825,47.084386427823475
1,46.36878355588565,51.658741509837675
1,32.83537277882804,38.119651037532954
1,43.875155033923555,49.15504653194186
1,34.676699770038596,39.941417079262806
1,24.29032500682762,29.552024151383492
1,31.641697540753405,36.89397268240089
1,29.09515751455389,34.33715504296639
1,37.584163022081675,42.82227006085302
1,35.98668564145111,41.20281141157835
1,27.370718465822222,32.57776462368107
1,30.518008350100846,35.71369510012982
1,26.610769649113895,31.804028056154653
1,22.83039903806207,28.018396888723228
1,24.699770476155354,29.879825355884382
1,37.67770023724305,42.85265801912756
1,32.55106041350103,37.70817626770899
1,35.35127770581118,40.4929355184715
1,28.609125856317934,33.73764666569664
1,47.33371242106897,52.457849436990976
1,41.23728539618529,46.3521776995445
1,34.228523628117564,39.33675037072296
1,23.706757718641583,28.808425975447623
1,27.800478039869073,32.89647946429254
1,34.61253542947955,39.70737559986916
1,41.504772107772816,46.599129259188885
1,36.773971313659025,41.851997220526556
1,24.123600068371818,29.18827330008211
1,34.75653941500321,39.81608792889439
1,23.17268467694701,28.229537121731653
1,35.001086065700754,40.05717123494009
1,30.02260045317747,35.07841179669977
1,28.4303393690118,33.47991048044679
1,32.79066438628314,37.83580655579699
1,28.914997703536905,33.9593963810543
1,32.276375621293816,37.31309729612466
1,27.45754462312823,32.494014701159756
1,33.10053257032561,38.12938562693373
1,29.932899997698655,34.94138393494167
1,30.05225047454899,35.05592593952046
1,35.038084103751295,40.02377193252011
1,33.91850340208255,38.88416017841481
1,47.72822238269972,52.67660445352629
1,24.21218272923147,29.149783858987224
1,23.245786894761473,28.181462455699652
1,42.054983800668296,46.95648814291086
1,47.521320266441236,52.40194811513702
1,30.451208198450757,35.32799328116003
1,26.870638817509874,31.744498131913208
1,37.135977628466264,42.000770611811184
1,36.44714844056541,41.305493801051234
1,33.34395791747052,38.198103028713874
1,29.23843995434729,34.08686201997696
1,33.45575335598685,38.29754132453107
1,30.332740029898336,35.17308139109064
1,37.34426683663878,42.18118162363766
1,33.90304399029916,38.736497149518335
1,31.40553950954859,36.238850001612015
1,30.17671031448485,35.006303650749814
1,23.678574921814402,28.50300872975703
1,26.391164674632787,31.21345631086612
1,40.266632484775904,45.088462484094144
1,30.953627702279892,35.77282120381854
1,29.327267669445774,34.13450200821599
1,31.21268293497098,35.99949155573506
1,31.032721046548314,35.81675622408455
1,32.311156350911,37.094267101718465
1,54.05177912162655,58.834229859521635
1,22.586354785523636,27.364542018716406
1,45.06164581422614,49.837071015962835
1,26.53083931304036,31.30557356053629
1,24.57544075949559,29.342510437947563
1,37.23669244095208,42.00174119792609
1,28.362842778639852,33.12637221276936
1,36.01989976549118,40.77854232845026
1,25.231166409873257,29.971606651982654
1,43.36276054445836,48.10291810022494
1,33.97360152669037,38.70761491709228
1,32.294299390150975,37.02172180396192
1,34.09484050316343,38.81420856690446
1,26.47214605485039,31.18226766289951
1,35.34372869842925,40.02595831270969
1,30.94863333282369,35.624771620799116
1,34.217485367400506,38.888917879984476
1,31.545151428616702,36.21595790645852
1,32.623612835851446,37.289934519491915
1,30.025833380337275,34.68937215913762
1,36.20493100213768,40.86481915070309
1,27.92505853287,32.579229960570785
1,22.48093935110926,27.130738958826097
1,28.42753972188766,33.059065976996266
1,31.087984740135834,35.70792993929524
1,25.97788482778582,30.577309279026895
1,30.645042761563268,35.212374555795826
1,37.65188817875047,42.216700060792895
1,28.753869112297345,33.315740508220344
1,32.3541935415163,36.91495587202394
1,28.23137124529585,32.79036625719683
1,24.445260437614916,29.00304969969392
1,26.03623533747879,30.585714731119204
1,32.30233312440995,36.84082516187321
1,49.90204131263746,54.423079205455956
1,23.06289672307498,27.57864641196835
1,30.642319348991172,35.15678008459452
1,29.84802691845357,34.35418189783093
1,28.69879812375613,33.170279628344886
1,19.588700969987258,24.04534259946712
1,27.884952849951574,32.33806250783347
1,39.89395091976078,44.341939704280215
1,30.07174610407708,34.51195312036287
1,33.504642316519465,37.940284920049585
1,22.67246067212944,27.07372113573757
1,47.30741889152331,51.70795102546884
1,30.875512907383197,35.26541441091624
1,31.470137602708377,35.85967632656971
1,28.297467439771008,32.674654656603366
1,40.58765436278062,44.96256212858717
1,20.42007385699474,24.784710403959643
1,24.86668624969773,29.21955773737037
1,26.85433676971134,31.20586681025137
1,28.27028500958711,32.60329657196569
1,33.207932443178876,37.53116433497443
1,22.084504593637963,26.396464417426852
1,23.888457094148848,28.1845950025365
1,25.088670187330692,29.377769281794553
1,33.64678104805234,37.930663386938704
1,31.36116441779172,35.64145946208428
1,32.537424929426706,36.8061930892522
1,27.179072850781207,31.440666293236696
1,30.606107463547104,34.86695403237731
1,28.700788288404567,32.95752610025153
1,31.030683652335835,35.28586015302936
1,37.86590394998869,42.097641846162524
1,33.603773235010564,37.83030237516316
1,25.564019360380293,29.78634219544223
1,18.21761281225121,22.433625244593056
1,41.27177556769701,45.47883225957853
1,28.849152886279306,33.05176788414445
1,34.052817244571095,38.25482845405361
1,35.93097669788141,40.1323768736134
1,29.801378158591742,34.002075578923694
1,25.738909249897898,29.93957875806203
1,36.828666855108786,41.02380893683191
1,33.44630665135569,37.6401315648743
1,27.741319637694897,31.933285486684483
1,26.009438407132144,30.201367629258403
1,29.629429413883024,33.79593405709633
1,35.958144149916215,40.12186918793855
1,33.53516548471817,37.694623139285135
1,28.17157896571581,32.31744405316373
1,28.71078910382757,32.852117262985004
1,38.03345244919949,42.17238234314112
1,27.03216720515379,31.168982880237554
1,31.393186306418276,35.52075740231141
1,37.52462583118872,41.64159461324364
1,37.43352371941693,41.53773217232105
1,32.316984517794644,36.41565763670293
1,33.69179201560622,37.789277041040435
1,21.674079612918774,25.753596274183295
1,23.39952787209973,27.476433036204966
1,38.606797436571235,42.678861812552825
1,57.34742243818188,61.41637887360958
1,41.00807731137747,45.07666450356113
1,27.977276770438493,32.03878381708379
1,39.850946662829415,43.87511162045409
1,38.13330554971204,42.156989116979474
1,20.883143668218224,24.90627886155435
1,30.01885359329351,34.03174473058229
1,21.09708024504059,25.105085597609612
1,28.859702981109965,32.86237620616645
1,37.58216200827339,41.570324480003315
1,33.873320629148424,37.86027178357871
1,27.496055373577285,31.456302681817974
1,26.824046239651,30.771949354947065
1,35.1304352433239,39.074442799803855
1,42.542705230872805,46.48442374299777
1,28.935126588935947,32.87315569956506
1,26.437943603044317,30.361481404104904
1,31.767203507470775,35.68843845636998
1,40.2330803218411,44.152699577382464
1,38.47666637444472,42.39477731608087
1,36.59879101446314,40.51216777754235
1,30.24025711869188,34.147954192209774
1,28.93113326446431,32.83552030692241
1,27.480019801918854,31.381667769481762
1,40.897892134268155,44.767483912981916
1,33.26622273886785,37.11346423179254
1,42.16445944152029,46.00453443391516
1,36.2814411226753,40.11643677019307
1,29.74003886726161,33.57429992557775
1,30.301657199311226,34.130477141581686
1,44.38185097836749,48.182840161837056
1,29.013226501088837,32.79999031946041
1,36.34284106265386,40.128224100434736
1,32.7827150488141,36.54932968571524
1,42.92747068198824,46.68900477648735
1,26.21924853413167,29.978551422857958
1,34.05992279379911,37.79920388402558
1,30.81790005254171,34.55225307197365
1,43.49659001554054,47.196763616552786
1,32.52436856476316,36.222751907470574
1,41.40550967141073,45.08004227607928
1,32.641158355094255,36.30897942236143
1,32.09514183057724,35.74960997610088
1,29.198113932024913,32.851008279818195
1,29.779358312665895,33.417958787067334
1,25.10186618422294,28.731398581319066
1,22.913794402296382,26.543217594600026
1,32.5762152204765,36.201207599012314
1,28.379703205791557,31.995658950867295
1,53.23404392384245,56.83121300903563
1,28.510332826563193,32.10647524857428
1,26.816584808917597,30.40728287023245
1,27.615183131441054,31.194401886008105
1,22.334541885096826,25.893550718246566
1,43.28405784548013,46.84284326846261
1,44.68288267398902,48.22434860360708
1,45.56635977865851,49.095317827402546
1,37.42763063198514,40.92855784488831
1,27.03903147852918,30.536365387711598
1,36.101781779146265,39.59855974277802
1,30.709333397457534,34.20532922913316
1,26.30392962710019,29.799231053001236
1,27.40306544671495,30.89809745809362
1,33.36788713822765,36.85036388563013
1,34.33117688010241,37.80386109962666
1,42.719839730756206,46.16785496965701
1,22.042321013380338,25.47573944804436
1,27.785118281845293,31.215680517833874
1,30.533185338682372,33.9624432007227
1,27.18949719970919,30.611527548996627
1,27.327982141285368,30.736607737885958
1,52.32653396876195,55.714620130901196
1,42.68403311462702,46.0715986314163
1,37.11814524447672,40.48704417150349
1,25.95515982493296,29.32187816970454
1,34.16098616211524,37.526219810732755
1,37.848271491362475,41.21293314416251
1,38.49887424902252,41.849884223679105
1,35.88895928777024,39.2328501918225
1,30.58257491696087,33.916312176968454
1,46.987604611348544,50.31609802705049
1,42.75503941098833,46.07683746355359
1,37.50600700983842,40.825169231042274
1,37.36069319926745,40.67926050053572
1,22.456538926472167,25.769545887830084
1,27.646080413168264,30.959011532543844
1,33.15654762532635,36.463592789026066
1,28.688300389224704,31.992212171753554
1,33.751232905607864,37.02625837702968
1,37.26897041200297,40.52542661656844
1,28.421288398714694,31.653710843005722
1,31.292766496327566,34.51386836665264
1,31.91469943245897,35.11517777833355
1,28.95569088434698,32.15241457230312
1,25.831080225717024,29.020516661364077
1,35.53898694411247,38.71540130306751
1,28.246262322947835,31.41396517986951
1,26.80889335286263,29.966915005457704
1,35.8916113407241,39.049374352866614
1,27.218019395569023,30.3719804964538
1,44.093820108455525,47.247710277205876
1,31.390297005638736,34.5348709989656
1,23.506916214481063,26.64547665463423
1,39.233259506677,42.36769385811357
1,27.249722328661967,30.37159323787991
1,35.9147556234713,39.031921206015205
1,37.84001642927136,40.947591469895016
1,33.80633074174285,36.908416142196984
1,41.06640696026856,44.14498340741565
1,23.591532212999464,26.668822763589592
1,32.16131381009277,35.22476887748391
1,35.526753106172904,38.58497549764213
1,33.31104351605109,36.338356942750764
1,26.693075676968334,29.71855727461552
1,24.45030556062232,27.467131792454648
1,23.20403741995874,26.21865396539788
1,33.88521955805277,36.887538434403744
1,27.056184832958955,30.05163627847651
1,27.287814817256244,30.276768359728695
1,34.77334641257651,37.75682983188974
1,35.0135211425698,37.99627283674549
1,28.428628481223548,31.408866384713043
1,28.38681741694061,31.34799197787732
1,40.9371353877451,43.894189592533166
1,31.23608614383839,34.181523382315845
1,32.81893046813367,35.76116581062236
1,43.723742889103455,46.65483758141457
1,35.48565886816904,38.40917642630407
1,34.17830189715235,37.10132182630127
1,29.936300937056334,32.85024363482583
1,30.33472880080137,33.232197654320586
1,39.83577741779161,42.72963105385434
1,33.447826695747736,36.321394314140335
1,34.68941646397572,37.56071369042018
1,28.547354667031655,31.411292841279487
1,36.850836323314574,39.712698799534586
1,35.74188482022539,38.589290273401645
1,44.22932887057167,47.07323750613783
1,34.481593398099065,37.320630318460914
1,28.889919013778982,31.72712298206865
1,28.64094998024249,31.475012117372856
1,35.38622267749569,38.20365442952313
1,41.07256861727799,43.88760978443531
1,32.99744964396347,35.80660763667696
1,31.64188418475395,34.437470612579204
1,25.289216977596233,28.082861055785244
1,32.40065863405783,35.18907184348217
1,27.592011703265584,30.369309872742317
1,33.20346269439393,35.979123233057514
1,23.33709999742868,26.1043016828742
1,44.82950403354258,47.57636426035075
1,37.556987284188956,40.27884721511258
1,54.52644097248014,57.23201850025675
1,26.06252809661949,28.766813490647298
1,36.35798575536733,39.06015960368623
1,60.252404317931685,62.95407172226438
1,29.484292747898515,32.18586974659373
1,34.99799307377551,37.697272836944336
1,17.849809175300972,20.547874372451922
1,33.31614059634494,36.01232236486709
1,31.315344957786493,34.01006090190841
1,26.784804520900472,29.476627575678034
1,26.4342805450279,29.119857553038088
1,34.81267438445753,37.49341493719702
1,35.375359653986266,38.04791947719812
1,35.375718458093864,38.04350603493377
1,29.837577660512355,32.4981654548112
1,33.0010802611393,35.64981458415461
1,39.353821398057235,41.99975014394839
1,37.77303012886136,40.40648167955059
1,27.55806769267061,30.184855378795916
1,27.73947797180326,30.357927203170725
1,28.27487803046421,30.890439900714476
1,30.899161992633747,33.494733515192365
1,42.28061719245945,44.8733161190687
1,35.64868242490105,38.237608166526165
1,35.178819326379774,37.73715043396207
1,33.29372692637836,35.85079761901746
1,29.10704059730774,31.657634116390803
1,43.80826674813484,46.35309944936292
1,39.37037104330514,41.908782117986576
1,29.254590875096252,31.789726628412566
1,26.28673631087056,28.813506323793696
1,35.9722504987633,38.498296989168104
1,31.015324837658458,33.538211868454084
1,23.277756148428246,25.772217494853685
1,33.84868890278711,36.331407194567554
1,29.96994415316715,32.45076130306561
1,32.34558648975073,34.82544866885785
1,35.42464556292918,37.89296347095261
1,42.82986777874115,45.296485252620094
1,58.46790889021465,60.89841950928218
1,31.13912624035069,33.5661963927689
1,26.178034534029063,28.59755356798071
1,27.23306947700843,29.64411365705714
1,37.1596487033754,39.56398493246632
1,28.497285512286464,30.8948191783151
1,29.412081447302523,31.805566225090033
1,26.081511467782384,28.451989171024728
1,43.19461209609993,45.56456879932794
1,33.69051801940074,36.05251141585532
1,27.545744994246874,29.877536378087537
1,31.36061885516074,33.68870955585982
1,40.714183919422915,43.040713830114406
1,16.033649972896445,18.33374582382286
1,24.90707743340847,27.179475136914807
1,39.109216367991934,41.364551482191494
1,31.468088268269987,33.72079848630509
1,29.485867587611477,31.734139785349544
1,23.520520871363857,25.760509250027543
1,35.52533803288946,37.73922235600823
1,26.33509549560358,28.520317162380977
1,27.32068306451913,29.493614119510053
1,32.40034725976016,34.542624197542814
1,34.643318891726395,36.782724570476624
1,39.473794667621185,41.61189468027645
1,27.95708542259309,30.09157729099596
1,33.496798751585494,35.63052778644936
1,27.194389285934832,29.32025764334164
1,31.070168842530133,33.18515615886631
1,30.98148146269365,33.09078760903788
1,29.025308404818766,31.132860270352435
1,24.833805251594864,26.93796463657117
1,36.10088060071691,38.19881833440698
1,33.78369553114022,35.88037287197115
1,35.71375089193043,37.809297566391045
1,37.73199121720343,39.82560535023204
1,27.19675665581801,29.289538411191824
1,28.831211496712392,30.905154702573366
1,30.95523368832532,33.02563423568693
1,43.273263247088934,45.33727675612556
1,33.291479948137095,35.33921212220427
1,32.14166640624201,34.18273212704621
1,28.93486080240724,30.967816448295327
1,33.44986599239864,35.47226694711495
1,30.097512786530014,32.102715048820315
1,20.928509625875247,22.920014678318882
1,25.90049319585993,27.889154311590715
1,29.42321573598487,31.41062680300462
1,28.2722613470881,30.255243776617068
1,30.699392794498575,32.66736516758332
1,21.939314691937046,23.90492197019751
1,31.654132490927758,33.618073550919945
1,42.93480812901699,44.89855063714697
1,34.89630410177868,36.85706792182254
1,33.06925053531758,35.02767933062786
1,38.92830485624016,40.886390471060054
1,26.06892869592571,28.01424916557149
1,36.5291522618809,38.47137938724322
1,48.99749877851992,50.929090014038806
1,30.764999460894533,32.69007759291601
1,52.15397660285772,54.071122983873835
1,32.944401007561844,34.85760213532739
1,41.31622038254995,43.21806220171515
1,34.34914472064753,36.24975387847478
1,43.02831779325798,44.90702977243636
1,31.144558131159197,33.01939836870732
1,28.521328783556783,30.394127783059876
1,34.87488879649625,36.712102182694565
1,38.30077677357116,40.127526362366815
1,24.533818065125388,26.35690379103133
1,30.720485504486145,32.5336421233985
1,28.81172437081796,30.596458527204987
1,33.74399001407038,35.50806259630367
1,30.06112093876917,31.820638290358445
1,37.08933421336465,38.8426561691869
1,32.59972381186998,34.349135446165945
1,39.91367174555911,41.65251089690059
1,30.70656822599918,32.443120909081074
1,29.001936811727308,30.73681353244523
1,40.83549014290918,42.55763597253954
1,32.56806983729498,34.28821861135005
1,32.478989132543504,34.18837139625424
1,35.84181436217103,37.539358330932295
1,21.43027788045806,23.123012220027555
1,39.3739061996754,41.05756964238139
1,35.37686944019839,37.05789581612713
1,24.066616196379638,25.74046593201747
1,42.82455570827736,44.49170651327664
1,25.131352807302363,26.77678639024869
1,36.597581209279,38.225193803439424
1,31.115980857049482,32.739710043059475
1,46.76886444997097,48.38784922612885
1,28.915519996433122,30.51660248652084
1,37.8302951865495,39.420908556825964
1,57.029220386264186,58.611622438002485
1,38.17759020528278,39.758026720402086
1,53.23674182684243,54.81057098618741
1,28.021929978599875,29.589119373732704
1,29.57228784657105,31.13806419958554
1,27.661660704196503,29.220548997201302
1,26.6811739006286,28.212292870151657
1,35.84866352548576,37.37316998452967
1,37.17399737759137,38.69038916567039
1,33.04274937381465,34.557063108016045
1,36.00372555977166,37.51084859579355
1,41.01350358949243,42.51046769041619
1,23.033824968919774,24.52685318496363
1,41.3327666998518,42.790699377782346
1,26.739594629038667,28.195833655365096
1,39.577060322619786,41.00517920337976
1,44.67040349176634,46.09758909112494
1,41.01191188170069,42.432619693817536
1,30.70797334100669,32.12620731163515
1,34.824683046759,36.24231810231809
1,34.24297803281177,35.65533467560053
1,34.122161886906575,35.5215298760682
1,26.726423308087032,28.11119112657003
1,30.945758014234503,32.316521440828446
1,47.66955082376943,49.03480584892762
1,26.15498815825264,27.517712652973664
1,44.09522219983496,45.45520196128052
1,35.31819360238304,36.652779907589284
1,26.97444960028194,28.30704552751836
1,41.13035846028329,42.45789377157116
1,32.95457190778333,34.24088577675936
1,33.87024962980017,35.153990318483764
1,42.92109624645291,44.20256271066484
1,28.90417662412263,30.18077052839113
1,23.30380803653504,24.579334225150532
1,29.401291086595922,30.676246577375327
1,44.81848189050006,46.0872045223545
1,34.737581314748624,35.99575191909461
1,46.12609226623246,47.37930961797566
1,31.058651065394592,32.310880266188576
1,41.26847034436755,42.51979768748849
1,40.39152621702164,41.63336573674168
1,27.092984226187994,28.31895037067975
1,39.14189886304515,40.35980038850103
1,38.72574401060298,39.93817491688577
1,22.72936786367549,23.923001485375345
1,29.547727270002603,30.731167338446806
1,45.294379893278055,46.47387466874862
1,35.072861406999216,36.24941136830353
1,44.04128359597484,45.20334530925914
1,46.004031150943646,47.15755970637496
1,30.435464667521924,31.576992641805568
1,26.886005619568326,28.02323745296427
1,31.940416090020875,33.07256631292811
1,35.6738527909074,36.80580596992102
1,33.18353260752682,34.31427460690757
1,32.71280561406044,33.83636937794907
1,36.11052433751195,37.22969313228324
1,48.56734658130937,49.68399191759462
1,40.38560287175436,41.49275667281166
1,39.615735246526334,40.71101852543997
1,36.95310096765814,38.04805170163667
1,33.67056922131122,34.76303781852191
1,49.98224217640175,51.07198771985709
1,43.28287363663349,44.36904504169843
1,28.655138960028914,29.730648471679444
1,47.83370579551807,48.907304418022356
1,30.842073480468233,31.91483692257485
1,42.155089018136714,43.22662087264061
1,39.53965929145431,40.60594020927521
1,32.375188425618006,33.43896096674762
1,28.549882285587202,29.610301382145476
1,40.70106002621043,41.75778567938694
1,33.666567423441116,34.71895613399393
1,21.419529338273467,22.467952619494707
1,28.89629323457521,29.93979370693776
1,37.17973389921494,38.22115934052194
1,37.65299339548544,38.68963374415323
1,25.30587941683164,26.31955674486634
1,30.48336082372973,31.49300937285905
1,36.284647495398794,37.28735027793382
1,33.72392459930873,34.70456528245191
1,48.1952698524934,49.16937886847378
1,27.171727007186536,28.135911203837356
1,32.74368235673498,33.69128516610052
1,34.311449134660926,35.25358887834821
1,23.143592395707863,24.08196797346844
1,31.45999395656987,32.39821720513721
1,33.620753940648214,34.550558221635484
1,60.960497276301645,61.887772928264795
1,40.13020136738612,41.0572397819421
1,35.72214430244542,36.64566041797384
1,41.07611062000331,41.9975389211098
1,27.41217721929566,28.326886306942267
1,36.725360096584225,37.6382571848963
1,40.41760670194862,41.32613638322863
1,42.59362744742394,43.49786872025335
1,34.62238973168686,35.516412363294826
1,36.20048950121795,37.085716928388436
1,39.14998253215546,40.03001653928982
1,30.12355841924249,30.990559022839474
1,37.74416557787657,38.5890951101302
1,33.136373436584336,33.97365657248483
1,37.45337307964911,38.28057300733244
1,38.62556358271861,39.45268757461589
1,54.99464890883197,55.821728928935414
1,30.564085609124216,31.382600540240702
1,40.939055855697724,41.75307415797617
1,31.625598640629708,32.43771859066668
1,29.010323497625517,29.821724542516723
1,34.35288943422046,35.16224228197256
1,28.19977940824717,29.004389009484672
1,25.19642409694267,25.99919150131438
1,35.03983982170158,35.84219374730474
1,25.494674544174543,26.295132007504385
1,26.28405103001206,27.07780795996654
1,24.493342274008295,25.27031967896741
1,33.9277554780223,34.682877465521265
1,37.72650474592687,38.48031991755065
1,31.831886994917493,32.577919945615704
1,29.16453233602973,29.910084959374196
1,27.779378528625017,28.490166470382167
1,37.837891008310336,38.54693569742711
1,27.86756615850063,28.569368618641132
1,40.45073685625977,41.14978185729106
1,34.63936628131236,35.31763862633572
1,40.29148642430715,40.96869410787561
1,35.566031106844655,36.23377745832419
1,36.67890510002154,37.34499190380119
1,24.80420436072751,25.444472814299587
1,40.43437380105967,41.07014595221156
1,33.71788498188118,34.35287575073162
1,29.64595777133358,30.269177685770547
1,39.44226101038955,40.05073868698512
1,42.8690239660354,43.46746386431417
1,30.89911514580161,31.493093838174687
1,39.80019501705068,40.3935044472865
1,37.87308194902988,38.459904953753636
1,40.26715067357825,40.84238193446495
1,29.710293638802824,30.27316886695579
1,30.14040573738833,30.67848840184632
1,35.12515110739254,35.6602424276415
1,30.558901372346376,31.08504589421376
1,45.50727562214911,46.015227190015175
1,36.30965806470047,36.80950608575849
1,45.36491566820252,45.847716512785404
1,34.272277706796515,34.751675325776176
1,32.938091504255794,33.412489858101125
1,36.3398033670442,36.80146619814583
1,22.902055164431726,23.34745991440566
1,37.45517753796723,37.89982450611839
1,31.93900245933691,32.382398132189685
1,39.938692298300104,40.37562869419826
1,95.25490688416963,95.68530388683706
1,26.792778137021262,27.21186325505552
1,51.477545866701774,51.889298463561836
1,33.411913634737644,33.81988381863408
1,40.18395084569918,40.58955316649129
1,38.502590589436615,38.905089857338
1,33.683911324623786,34.08390416867217
1,39.825359202793074,40.21493509217556
1,40.11600825558638,40.50513683843242
1,50.39885361810576,50.78729090839463
1,37.20058488102885,37.58753735460606
1,37.45920819525359,37.84159717359237
1,32.51020566155648,32.886711328733554
1,32.406188914845366,32.774899691539225
1,46.34900350103834,46.716383860979164
1,44.873386002222425,45.238278906590914
1,35.31873088237051,35.677015046421715
1,45.37268822076026,45.72762606446378
1,29.055411231045095,29.40557469245061
1,31.758471861384685,32.10345537696922
1,41.59421921563635,41.93821946113809
1,39.32300642024145,39.66293177117758
1,27.79714193931037,28.136754182260514
1,43.39342174551381,43.73087888012522
1,33.800360348208265,34.131098982526964
1,38.05896265460479,38.37297965548767
1,41.61275804466194,41.916194907427155
1,38.33234127175401,38.6340797887585
1,28.693278563430795,28.99166875107296
1,27.306185597361466,27.57921236193301
1,38.387313493790415,38.642117810153195
1,48.673643391003054,48.92371322437908
1,44.04821884504964,44.29453996136072
1,39.90897767511535,40.153394241128545
1,38.28709271718482,38.52624925542155
1,35.47391388554902,35.71273477822106
1,28.831263912761777,29.06122567198332
1,24.425890114938415,24.65323694766437
1,33.21173262431968,33.42922133248715
1,26.045787360049896,26.261409067321452
1,35.80871492029288,36.020430688215015
1,36.42544799783144,36.63487600287755
1,29.99604363451906,30.204565712651878
1,36.72371967948156,36.92115489369251
1,34.81367844335666,34.98483872621979
1,27.494044733852252,27.664816451768004
1,31.84837074781554,32.012160913804344
1,38.760908696886716,38.91372042800403
1,30.902393713549703,31.052965716421685
1,52.674854355615324,52.82057881393881
1,39.7764826537208,39.916741516133264
1,28.52181739535462,28.646023235807334
1,40.25570126925902,40.37765411867701
1,26.62700094348191,26.744252836844016
1,34.29571744768241,34.39930970455529
1,39.767099905484045,39.86785903695058
1,26.173775857259937,26.26933295270907
1,34.34985959600716,34.43605365523906
1,28.76882176324344,28.852731742926217
1,29.623141282288902,29.706045377578455
1,34.6030157967598,34.68379898455419
1,30.623660300466057,30.69293513574767
1,34.305586047000055,34.37098979587201
1,37.70297989646318,37.76482740531496
1,49.10245936079035,49.15863866327771
1,32.741223611637,32.787585869199894
1,40.580012168347,40.61942904348566
1,35.93424393364176,35.965277960751465
1,46.42869180144183,46.455896163483544
1,46.94066291384538,46.966445107873554
1,33.67738213007303,33.698251411709734
1,54.4235984205853,54.43643286501735
1,38.986194085359,38.9883109764409
0,0.0,inf
0,0.0,inf
0,0.0,49.03735180135539
0,0.0,46.11351266168608
0,0.0,43.24103674612587
0,0.0,42.89303927966273
0,0.0,41.70975692123349
0,0.0,41.46155858208799
0,0.0,41.15264769495361
0,0.0,40.7343637849565
0,0.0,40.68292879650611
0,0.0,40.471165188107015
0,0.0,40.40423791238646
0,0.0,40.238790199007575
0,0.0,40.073665161058884
0,0.0,39.99408480610323
0,0.0,39.92214884010387
0,0.0,39.664347478519126
0,0.0,39.2225336153051
0,0.0,38.97271876983739
0,0.0,38.78784762784114
0,0.0,38.71531970935401
0,0.0,38.28280708133922
0,0.0,38.121891018769105
0,0.0,38.01862125341049
0,0.0,37.86291854932047
0,0.0,37.80553983828708
0,0.0,37.57328458714084
0,0.0,37.51050320232675
0,0.0,36.713880859410814
0,0.0,36.32274811715456
0,0.0,36.30211252901331
0,0.0,36.275748589255144
0,0.0,36.15280645323731
0,0.0,36.01118012873729
0,0.0,35.99427805930504
0,0.0,35.98622003699253
0,0.0,35.96250681306664
0,0.0,35.88226068249568
0,0.0,35.86537222951973
0,0.0,35.818810627119575
0,0.0,35.813436563089816
0,0.0,35.701031914946896
0,0.0,35.60299764491156
0,0.0,35.592435483875505
0,0.0,35.58757246629042
0,0.0,35.39104207166988
0,0.0,35.373503422590616
0,0.0,35.24562495909248
0,0.0,35.10744035363758
0,0.0,35.056379425687716
0,0.0,35.05366354495565
0,0.0,34.8273001250591
0,0.0,34.768328276570664
0,0.0,34.76448449645903
0,0.0,34.70929518431695
0,0.0,34.70532164638689
0,0.0,34.52884445158398
0,0.0,34.526889349598626
0,0.0,34.45233116975906
0,0.0,34.40577747680801
0,0.0,34.40192669093914
0,0.0,34.3397389838124
0,0.0,34.27520621219821
0,0.0,34.23083587267704
0,0.0,34.158081749275574
0,0.0,34.08296480264199
0,0.0,34.03365518590691
0,0.0,34.030718698661644
0,0.0,34.02603692080213
0,0.0,34.00237974785951
0,0.0,33.85186950456676
0,0.0,33.82775986244388
0,0.0,33.80477577252753
0,0.0,33.79836487303378
0,0.0,33.77474061867371
0,0.0,33.75952856970703
0,0.0,33.68040181999188
0,0.0,33.66468217860436
0,0.0,33.60099545046438
0,0.0,33.5944407760674
0,0.0,33.453595176975924
0,0.0,33.44695983289708
0,0.0,33.44501693339314
0,0.0,33.426001757391354
0,0.0,33.40278537402255
0,0.0,33.36283172338128
0,0.0,33.3052931050991
0,0.0,33.190030173342635
0,0.0,33.155753601241344
0,0.0,33.12863953481511
0,0.0,33.1199884657906
0,0.0,33.083336566535515
0,0.0,33.06927239466406
0,0.0,33.05363331243218
0,0.0,33.04999496061035
0,0.0,32.97257669552946
0,0.0,32.929447198066846
0,0.0,32.901871460796336
0,0.0,32.9008948230785
0,0.0,32.89609599248755
0,0.0,32.84181549624123
0,0.0,32.82709668131246
0,0.0,32.7796261025729
0,0.0,32.73946718568124
0,0.0,32.71263251673614
0,0.0,32.71235503153887
0,0.0,32.71059427084727
0,0.0,32.68611927509915
0,0.0,32.686068318015515
0,0.0,32.64825150128006
0,0.0,32.643362156080585
0,0.0,32.61900127000183
0,0.0,32.583551839079824
0,0.0,32.56931230728723
0,0.0,32.56200720245414
0,0.0,32.54039906900325
0,0.0,32.4606227677511
0,0.0,32.45695425592097
0,0.0,32.44428245380815
0,0.0,32.434078503537016
0,0.0,32.42589924453957
0,0.0,32.42053579249308
0,0.0,32.39910590804596
0,0.0,32.39733288133524
0,0.0,32.3878906495162
0,0.0,32.37621553183037
0,0.0,32.36735101366401
0,0.0,32.32576619418705
0,0.0,32.25697339393533
0,0.0,32.256524089353185
0,0.0,32.235403905690056
0,0.0,32.19921999368621
0,0.0,32.15377436976766
0,0.0,32.07524522302154
0,0.0,32.07061278562296
0,0.0,31.998160544540937
0,0.0,31.965391396901516
0,0.0,31.94864371025896
0,0.0,31.927376849209278
0,0.0,31.920435156008814
0,0.0,31.908687246870645
0,0.0,31.90041648080568
0,0.0,31.889947029225617
0,0.0,31.879969104672984
0,0.0,31.870415051200286
0,0.0,31.855129378658976
0,0.0,31.801941016095967
0,0.0,31.798465069639
0,0.0,31.788676538861058
0,0.0,31.763150678510797
0,0.0,31.760036667146274
0,0.0,31.746740953268567
0,0.0,31.717548962128852
0,0.0,31.677873178398468
0,0.0,31.635218746267267
0,0.0,31.63447100335339
0,0.0,31.62868696546221
0,0.0,31.599970687394425
0,0.0,31.59670062009719
0,0.0,31.59581146895018
0,0.0,31.582093289931485
0,0.0,31.573042714801538
0,0.0,31.466932876236857
0,0.0,31.443507069660374
0,0.0,31.424429910911208
0,0.0,31.423903308383224
0,0.0,31.400637686582787
0,0.0,31.38808087817869
0,0.0,31.349540765197172
0,0.0,31.329046511314854
0,0.0,31.32684397653347
0,0.0,31.284121792416528
0,0.0,31.28250200792208
0,0.0,31.255389287767596
0,0.0,31.216295809715024
0,0.0,31.208089702710737
0,0.0,31.18859253005238
0,0.0,31.103324637811443
0,0.0,31.094437620634523
0,0.0,31.082804560655553
0,0.0,31.061033027120565
0,0.0,31.053654302084436
0,0.0,31.038324010320764
0,0.0,31.02616362314604
0,0.0,31.00721855774171
0,0.0,31.007052759374115
0,0.0,31.006258285279813
0,0.0,31.001123444849302
0,0.0,30.997495153714784
0,0.0,30.986990630717596
0,0.0,30.962724941496106
0,0.0,30.960533384396356
0,0.0,30.931831476278827
0,0.0,30.858693052396116
0,0.0,30.855566599444934
0,0.0,30.82205569599045
0,0.0,30.81962199410035
0,0.0,30.815635424138748
0,0.0,30.812833453615212
0,0.0,30.776111219510696
0,0.0,30.774148297060737
0,0.0,30.762842393416562
0,0.0,30.76000434906115
0,0.0,30.73244258698045
0,0.0,30.72177355326111
0,0.0,30.718318095184827
0,0.0,30.714116811022276
0,0.0,30.70151847339195
0,0.0,30.68577427079603
0,0.0,30.682701911490067
0,0.0,30.619035265876256
0,0.0,30.618225290053232
0,0.0,30.61025072724385
0,0.0,30.587470110030804
0,0.0,30.586198474616854
0,0.0,30.56444846418646
0,0.0,30.542208921842214
0,0.0,30.52466675672628
0,0.0,30.515390059562225
0,0.0,30.506525994049102
0,0.0,30.4489146592781
0,0.0,30.436716106053872
0,0.0,30.42933540745355
0,0.0,30.410577676973116
0,0.0,30.404074209195738
0,0.0,30.38922693008147
0,0.0,30.376765302532597
0,0.0,30.369833984153075
0,0.0,30.365734146922453
0,0.0,30.35614396233114
0,0.0,30.342677328993943
0,0.0,30.342306125666237
0,0.0,30.34023952505478
0,0.0,30.339743152706184
0,0.0,30.336789763765747
0,0.0,30.332000712476795
0,0.0,30.319345796976286
0,0.0,30.295580551772556
0,0.0,30.294652585696962
0,0.0,30.29419127895805
0,0.0,30.291412976492413
0,0.0,30.285894043644852
0,0.0,30.26236767548615
0,0.0,30.249349335813328
0,0.0,30.248173814558996
0,0.0,30.24741741783657
0,0.0,30.245734787896637
0,0.0,30.236873792588266
0,0.0,30.21424908230277
0,0.0,30.213150871151573
0,0.0,30.209160989330144
0,0.0,30.20149521060787
0,0.0,30.196560365181565
0,0.0,30.19359118427351
0,0.0,30.190669966732635
0,0.0,30.189738598517962
0,0.0,30.188766039386074
0,0.0,30.187402126399984
0,0.0,30.17622966002332
0,0.0,30.171536703470856
0,0.0,30.170481212161036
0,0.0,30.147756156523773
0,0.0,30.138759700460472
0,0.0,30.121197790723077
0,0.0,30.09764568750373
0,0.0,30.095960471015925
0,0.0,30.08053400157324
0,0.0,30.063419002531187
0,0.0,30.057503345936563
0,0.0,30.053662238335356
0,0.0,30.051973440651732
0,0.0,30.03835142931005
0,0.0,30.030750814879394
0,0.0,30.007367029147268
0,0.0,29.98440187224011
0,0.0,29.984115976379123
0,0.0,29.98110208620829
0,0.0,29.977412131960826
0,0.0,29.977090107060196
0,0.0,29.96765983100521
0,0.0,29.96444574821634
0,0.0,29.95398329440059
0,0.0,29.943414353069375
0,0.0,29.941292478352306
0,0.0,29.937513488126157
0,0.0,29.909834188073575
0,0.0,29.907707062467846
0,0.0,29.905034498729954
0,0.0,29.895966691686866
0,0.0,29.895213006783177
0,0.0,29.892036621405353
0,0.0,29.88850452300493
0,0.0,29.88807276605586
0,0.0,29.88606936193927
0,0.0,29.885901880308822
0,0.0,29.872489094963537
0,0.0,29.85875848764691
0,0.0,29.839852239770238
0,0.0,29.83849429973686
0,0.0,29.83548123126521
0,0.0,29.828292858657456
0,0.0,29.816601372518708
0,0.0,29.795020901563685
0,0.0,29.79239396324602
0,0.0,29.781323799593224
0,0.0,29.76285579575844
0,0.0,29.74259191352586
0,0.0,29.73704520121254
0,0.0,29.724294373586876
0,0.0,29.71964540818757
0,0.0,29.716252688451103
0,0.0,29.69950718945618
0,0.0,29.697099030385083
0,0.0,29.66980149885799
0,0.0,29.66134492713393
0,0.0,29.64927193720474
0,0.0,29.63802947918671
0,0.0,29.617962700593278
0,0.0,29.602422637519012
0,0.0,29.522550347516667
0,0.0,29.51532885408408
0,0.0,29.50744565848895
0,0.0,29.479278446445317
0,0.0,29.47613470512892
0,0.0,29.475366411397093
0,0.0,29.469295907982186
0,0.0,29.46247268312081
0,0.0,29.461899152002353
0,0.0,29.4382309758009
0,0.0,29.420959611875524
0,0.0,29.40786564360651
0,0.0,29.391109856488214
0,0.0,29.38894536236668
0,0.0,29.387698193534472
0,0.0,29.38587445857821
0,0.0,29.378329893640917
0,0.0,29.365515011143188
0,0.0,29.362053093506468
0,0.0,29.344594704419524
0,0.0,29.33114422641853
0,0.0,29.32589686734148
0,0.0,29.319914023522106
0,0.0,29.31807373407959
0,0.0,29.3074529643549
0,0.0,29.29829731807467
0,0.0,29.29503444284486
0,0.0,29.292647862796436
0,0.0,29.2903980938741
0,0.0,29.2899127848619
0,0.0,29.28323714518792
0,0.0,29.28265105932859
0,0.0,29.27919974595849
0,0.0,29.27285654662392
0,0.0,29.272348615468072
0,0.0,29.24930947618978
0,0.0,29.248966319787538
0,0.0,29.23179625651498
0,0.0,29.22486554774921
0,0.0,29.222157528113804
0,0.0,29.194322641187302
0,0.0,29.193443365289472
0,0.0,29.185021163654067
0,0.0,29.182753201436128
0,0.0,29.180209993701286
0,0.0,29.17936872997307
0,0.0,29.178390154701372
0,0.0,29.1740080684957
0,0.0,29.159028411663527
0,0.0,29.158696368358488
0,0.0,29.152602052390485
0,0.0,29.146291400243925
0,0.0,29.141069363124945
0,0.0,29.13562369842574
0,0.0,29.127545832107117
0,0.0,29.126209592134288
0,0.0,29.12347798086832
0,0.0,29.121314005953863
0,0.0,29.113904182683374
0,0.0,29.10633409800952
0,0.0,29.093361630591623
0,0.0,29.090448445802995
0,0.0,29.082341157991802
0,0.0,29.055592910003078
0,0.0,29.05204936058153
0,0.0,29.03642406654372
0,0.0,29.032131466095752
0,0.0,29.03098063537037
0,0.0,29.028120683652844
0,0.0,29.02738375660904
0,0.0,29.022546314914116
0,0.0,29.014402666366767
0,0.0,29.013990756295165
0,0.0,29.010760201678686
0,0.0,29.003585131608457
0,0.0,28.988740684029892
0,0.0,28.979129327373773
0,0.0,28.967397813967665
0,0.0,28.965158085500086
0,0.0,28.962683517415574
0,0.0,28.947345079721888
0,0.0,28.947257287965886
0,0.0,28.926414939493977
0,0.0,28.911365086662258
0,0.0,28.907474024331606
0,0.0,28.89647386503553
0,0.0,28.88810145193849
0,0.0,28.88678123180694
0,0.0,28.88421699737715
0,0.0,28.877317091420142
0,0.0,28.876594381430692
0,0.0,28.873617077409538
0,0.0,28.857315153193646
0,0.0,28.827104984854895
0,0.0,28.814268819747298
0,0.0,28.81230704609314
0,0.0,28.81080213230252
0,0.0,28.808073333723335
0,0.0,28.80233086923237
0,0.0,28.792986766629443
0,0.0,28.781119293447254
0,0.0,28.779405530629
0,0.0,28.773745512390875
0,0.0,28.77322028399348
0,0.0,28.753467925055848
0,0.0,28.748732811729628
0,0.0,28.748677354381655
0,0.0,28.746706479516824
0,0.0,28.744456626260458
0,0.0,28.740174934879914
0,0.0,28.728561454070313
0,0.0,28.7278921989882
0,0.0,28.717792254527215
0,0.0,28.7173531269939
0,0.0,28.714025104764357
0,0.0,28.668427341689345
0,0.0,28.66177551042323
0,0.0,28.66053211955593
0,0.0,28.657371746304655
0,0.0,28.656904402611467
0,0.0,28.654674257845524
0,0.0,28.64962336606713
0,0.0,28.648028847512492
0,0.0,28.644859559891927
0,0.0,28.64325405497446
0,0.0,28.640655025825776
0,0.0,28.635526294763093
0,0.0,28.630251634052875
0,0.0,28.60741290582729
0,0.0,28.60291997530208
0,0.0,28.598892669976276
0,0.0,28.59388179485922
0,0.0,28.588426403011013
0,0.0,28.584725139527944
0,0.0,28.583734303859316
0,0.0,28.571937651383188
0,0.0,28.571768859000645
0,0.0,28.57096778321233
0,0.0,28.568685346220207
0,0.0,28.567945683432825
0,0.0,28.565281514967644
0,0.0,28.561582160885056
0,0.0,28.551832569806532
0,0.0,28.543675291218058
0,0.0,28.52794297456816
0,0.0,28.51762616304767
0,0.0,28.508063319324705
0,0.0,28.500930674150265
0,0.0,28.500678590288697
0,0.0,28.500119076368698
0,0.0,28.49041073443969
0,0.0,28.48396208373003
0,0.0,28.483683553492934
0,0.0,28.482738566797487
0,0.0,28.474189356799695
0,0.0,28.465833192814006
0,0.0,28.465809033379625
0,0.0,28.450526899850843
0,0.0,28.44232351468922
0,0.0,28.437508945127753
0,0.0,28.434980989222417
0,0.0,28.43383986760207
0,0.0,28.42962187867117
0,0.0,28.42467994910172
0,0.0,28.422085490983246
0,0.0,28.4124824256239
0,0.0,28.393751543004026
0,0.0,28.390644487726608
0,0.0,28.389490890515315
0,0.0,28.38032712101523
0,0.0,28.37395110372574
0,0.0,28.371749515871954
0,0.0,28.369329979897234
0,0.0,28.36411778262653
0,0.0,28.359481272927088
0,0.0,28.354940256350634
0,0.0,28.3512097112073
0,0.0,28.336793275150434
0,0.0,28.32699540439311
0,0.0,28.31264204538706
0,0.0,28.30456293608592
0,0.0,28.30013281335066
0,0.0,28.29801666978543
0,0.0,28.29590156078361
0,0.0,28.295571370720026
0,0.0,28.29284735604831
0,0.0,28.289439312838915
0,0.0,28.27838220753654
0,0.0,28.27411210910746
0,0.0,28.27235883678704
0,0.0,28.271733196022915
0,0.0,28.257447264793036
0,0.0,28.25207902440539
0,0.0,28.247408834460423
0,0.0,28.243509912238192
0,0.0,28.240283976364122
0,0.0,28.23810882288875
0,0.0,28.236073961150197
0,0.0,28.235451954290337
0,0.0,28.22580359653126
0,0.0,28.2251624403555
0,0.0,28.212386151745072
0,0.0,28.21050973620197
0,0.0,28.2095642008336
0,0.0,28.20606921259652
0,0.0,28.193440267392816
0,0.0,28.183548619443055
0,0.0,28.170206913326695
0,0.0,28.162682943879556
0,0.0,28.156044738993657
0,0.0,28.152736985533757
0,0.0,28.146620217966298
0,0.0,28.146102047269217
0,0.0,28.144658694790326
0,0.0,28.144401277619377
0,0.0,28.135632808596814
0,0.0,28.131505710414633
0,0.0,28.12967665757888
0,0.0,28.12330640134781
0,0.0,28.12123447173867
0,0.0,28.10949598660816
0,0.0,28.10299749922924
0,0.0,28.09753340096511
0,0.0,28.09299958136119
0,0.0,28.088956019347094
0,0.0,28.07843618512667
0,0.0,28.07773833989518
0,0.0,28.074667492949985
0,0.0,28.073660742539552
0,0.0,28.070653487221687
0,0.0,28.066341767656898
0,0.0,28.055031767904907
0,0.0,28.047486082782093
0,0.0,28.04241626056218
0,0.0,28.038383199477206
0,0.0,28.032297427167368
0,0.0,28.027293891389423
0,0.0,28.022541589256615
0,0.0,28.02215274210681
0,0.0,28.018829810488445
0,0.0,28.012360798529063
0,0.0,28.005925173074434
0,0.0,28.00051014244306
0,0.0,27.99552361526157
0,0.0,27.98397523127252
0,0.0,27.983490365582483
0,0.0,27.982220911609925
0,0.0,27.95280374053133
0,0.0,27.951114041280913
0,0.0,27.95057187378805
0,0.0,27.946163685052003
0,0.0,27.938997941695426
0,0.0,27.919682772564055
0,0.0,27.911685250882492
0,0.0,27.90923799066569
0,0.0,27.90317474474808
0,0.0,27.896747420373394
0,0.0,27.894361981823277
0,0.0,27.888852000453138
0,0.0,27.881707740424847
0,0.0,27.881345656020084
0,0.0,27.87281435126021
0,0.0,27.864253699594244
0,0.0,27.83850642911371
0,0.0,27.803329215960762
0,0.0,27.801456851246968
0,0.0,27.801315020619743
0,0.0,27.80047169851708
0,0.0,27.799935417106735
0,0.0,27.797640121790778
0,0.0,27.794397899056264
0,0.0,27.769687401575005
0,0.0,27.7680561358106
0,0.0,27.748759149314782
0,0.0,27.732857819424684
0,0.0,27.731955579235898
0,0.0,27.72819410358202
0,0.0,27.726677448368832
0,0.0,27.724508046773234
0,0.0,27.723543190164417
0,0.0,27.717742151981593
0,0.0,27.715912469616917
0,0.0,27.713578670446392
0,0.0,27.71207940179305
0,0.0,27.711623396437545
0,0.0,27.681164391044167
0,0.0,27.672866881785787
0,0.0,27.67276890202318
0,0.0,27.671292310562112
0,0.0,27.668082522945202
0,0.0,27.66773771249604
0,0.0,27.662084848664765
0,0.0,27.658661265928846
0,0.0,27.637484135633084
0,0.0,27.632142951856306
0,0.0,27.62579936052681
0,0.0,27.623697109925907
0,0.0,27.62209204768381
0,0.0,27.609600155064438
0,0.0,27.602317977503123
0,0.0,27.600727766827102
0,0.0,27.600179710036475
0,0.0,27.599916781542362
0,0.0,27.58984577779617
0,0.0,27.585858137845577
0,0.0,27.585645898894853
0,0.0,27.585240829796657
0,0.0,27.584664516070326
0,0.0,27.584344986933658
0,0.0,27.57857477788981
0,0.0,27.573480760679228
0,0.0,27.571286271684656
0,0.0,27.57081323317525
0,0.0,27.567165539411402
0,0.0,27.564143169179314
0,0.0,27.560031567109313
0,0.0,27.556124773779803
0,0.0,27.553781876063724
0,0.0,27.551791739033064
0,0.0,27.551009417259106
0,0.0,27.551002019774984
0,0.0,27.546352851935072
0,0.0,27.543890391367192
0,0.0,27.54265404834323
0,0.0,27.53732157682784
0,0.0,27.533916455286555
0,0.0,27.523772495682916
0,0.0,27.518919092403635
0,0.0,27.509776268914905
0,0.0,27.50974654678359
0,0.0,27.508157083131852
0,0.0,27.50002877496176
0,0.0,27.487500147282837
0,0.0,27.483001344764006
0,0.0,27.477364957135244
0,0.0,27.475875090391806
0,0.0,27.474573682039107
0,0.0,27.467084581207818
0,0.0,27.46472031850852
0,0.0,27.462271973046903
0,0.0,27.451832591338082
0,0.0,27.45100567817185
0,0.0,27.443270326823903
0,0.0,27.43495701882868
0,0.0,27.430699881362102
0,0.0,27.42842976094559
0,0.0,27.427303364677332
0,0.0,27.422602401241736
0,0.0,27.422513716802534
0,0.0,27.420583468083695
0,0.0,27.419188648808536
0,0.0,27.418919799090055
0,0.0,27.403052203682638
0,0.0,27.398359884656184
0,0.0,27.39479406774303
0,0.0,27.393312297029365
0,0.0,27.37977302001392
0,0.0,27.3718933848104
0,0.0,27.366161026240615
0,0.0,27.36131901289928
0,0.0,27.34137962181281
0,0.0,27.337303365992984
0,0.0,27.336942683956465
0,0.0,27.334625086001715
0,0.0,27.33441615075051
0,0.0,27.330692533964697
0,0.0,27.320252752000666
0,0.0,27.314345009941338
0,0.0,27.30595207294835
0,0.0,27.275864390650554
0,0.0,27.274272267812613
0,0.0,27.26068411437292
0,0.0,27.258912742624794
0,0.0,27.257509568413255
0,0.0,27.25598756592664
0,0.0,27.24535325216698
0,0.0,27.243574474303745
0,0.0,27.231586530510686
0,0.0,27.22385408614688
0,0.0,27.22243113908507
0,0.0,27.214450388231196
0,0.0,27.208849497953313
0,0.0,27.208046749305762
0,0.0,27.204962359284913
0,0.0,27.20290421718922
0,0.0,27.19484256519869
0,0.0,27.183309912495393
0,0.0,27.174699433888875
0,0.0,27.170938162154535
0,0.0,27.16637521126904
0,0.0,27.162013395832645
0,0.0,27.15530859750171
0,0.0,27.148858601973245
0,0.0,27.145979132964058
0,0.0,27.1446697931355
0,0.0,27.142040269711444
0,0.0,27.13861430057173
0,0.0,27.1169699147239
0,0.0,27.115169292936027
0,0.0,27.10443378102815
0,0.0,27.0996879979218
0,0.0,27.095329047322046
0,0.0,27.082205153881123
0,0.0,27.08116120583913
0,0.0,27.066358469519514
0,0.0,27.06005212805137
0,0.0,27.054659320501848
0,0.0,27.046199332123898
0,0.0,27.033121278254413
0,0.0,27.023751241186908
0,0.0,27.0174645434069
0,0.0,27.016295309690104
0,0.0,27.01024384985553
0,0.0,27.00335758764576
0,0.0,26.998602232503604
0,0.0,26.991906765932093
0,0.0,26.988776171847473
0,0.0,26.988470992500755
0,0.0,26.97674657623197
0,0.0,26.973331271640244
0,0.0,26.973257903189502
0,0.0,26.973249372869088
0,0.0,26.97191610984044
0,0.0,26.9717342030377
0,0.0,26.967106288212086
0,0.0,26.964077042091958
0,0.0,26.96014103679109
0,0.0,26.950806768568793
0,0.0,26.95023697115562
0,0.0,26.948441192662827
0,0.0,26.945106528557826
0,0.0,26.94158329361776
0,0.0,26.93261500442032
0,0.0,26.932463267005016
0,0.0,26.928964974390656
0,0.0,26.913515870119408
0,0.0,26.901369496517944
0,0.0,26.900253832096308
0,0.0,26.899215407404327
0,0.0,26.896926878189724
0,0.0,26.89634628619162
0,0.0,26.887708259748667
0,0.0,26.88751140831051
0,0.0,26.88577261807891
0,0.0,26.881066177833567
0,0.0,26.878602453756265
0,0.0,26.878444887631495
0,0.0,26.87692134410579
0,0.0,26.869414415719
0,0.0,26.860686086438957
0,0.0,26.857976424752653
0,0.0,26.857664837570535
0,0.0,26.856341047321663
0,0.0,26.854626696480494
0,0.0,26.851403670323013
0,0.0,26.842484881084946
0,0.0,26.82871390857036
0,0.0,26.827345397784605
0,0.0,26.82524864041373
0,0.0,26.823750201152983
0,0.0,26.817846390504283
0,0.0,26.805752988209154
0,0.0,26.79832812465544
0,0.0,26.797470487970863
0,0.0,26.797249082073215
0,0.0,26.793729369303442
0,0.0,26.77982995582883
0,0.0,26.773577180792927
0,0.0,26.772839698137414
0,0.0,26.76026353257927
0,0.0,26.7576227510261
0,0.0,26.757172933145295
0,0.0,26.754407609317884
0,0.0,26.75236014116558
0,0.0,26.751204037395727
0,0.0,26.749971684990278
0,0.0,26.749241340831635
0,0.0,26.74894012426161
0,0.0,26.747477546796443
0,0.0,26.743933331933313
0,0.0,26.737654641781045
0,0.0,26.733544364950138
0,0.0,26.731848307207706
0,0.0,26.730424553162624
0,0.0,26.727418547103262
0,0.0,26.726748604686154
0,0.0,26.725923279130605
0,0.0,26.725357047123445
0,0.0,26.724058329219993
0,0.0,26.715146022981394
0,0.0,26.71377165209112
0,0.0,26.705115921900102
0,0.0,26.698479347530576
0,0.0,26.697686250923105
0,0.0,26.69176170479283
0,0.0,26.690736260965622
0,0.0,26.690678737667632
0,0.0,26.684188667104117
0,0.0,26.679019945048278
0,0.0,26.67801233057389
0,0.0,26.67618718609196
0,0.0,26.669094428529945
0,0.0,26.667954844351026
0,0.0,26.66725001144
0,0.0,26.66032054630097
0,0.0,26.654569418894155
0,0.0,26.652399398428514
0,0.0,26.643968656851914
0,0.0,26.62429996632135
0,0.0,26.61020488769934
0,0.0,26.599954160582737
0,0.0,26.58620622757902
0,0.0,26.58179446982093
0,0.0,26.580460987126187
0,0.0,26.574993673556634
0,0.0,26.568521810156923
0,0.0,26.565637856385933
0,0.0,26.56450189210989
0,0.0,26.563024618547797
0,0.0,26.56143786622095
0,0.0,26.553110448491203
0,0.0,26.54189826886518
0,0.0,26.535283582819684
0,0.0,26.534645706430705
0,0.0,26.532004566048997
0,0.0,26.504911198444585
0,0.0,26.499825893303736
0,0.0,26.495242351515273
0,0.0,26.49435051643053
0,0.0,26.493650770089005
0,0.0,26.48912126052308
0,0.0,26.488916250771773
0,0.0,26.484927208266328
0,0.0,26.484003807525966
0,0.0,26.48303515097062
0,0.0,26.482615077716087
0,0.0,26.480429564575118
0,0.0,26.473137630898556
0,0.0,26.47230984886675
0,0.0,26.46690245703354
0,0.0,26.46450936487064
0,0.0,26.464105117092554
0,0.0,26.458002220165078
0,0.0,26.457262752344917
0,0.0,26.456772525515
0,0.0,26.443679113658963
0,0.0,26.442483131923886
0,0.0,26.441319036017653
0,0.0,26.440572659434075
0,0.0,26.437708680316643
0,0.0,26.434042870804294
0,0.0,26.432242364539405
0,0.0,26.430593264569914
0,0.0,26.4296957205446
0,0.0,26.424158267920284
0,0.0,26.417094168696114
0,0.0,26.4157828310052
0,0.0,26.40869679494806
0,0.0,26.407332001045013
0,0.0,26.397689277642044
0,0.0,26.394607296065406
0,0.0,26.393155509660215
0,0.0,26.391484851953276
0,0.0,26.387787627763757
0,0.0,26.38071992788631
0,0.0,26.375184555929863
0,0.0,26.374687926570687
0,0.0,26.374602582233116
0,0.0,26.37190008507301
0,0.0,26.36581534627205
0,0.0,26.365121599307738
0,0.0,26.360358565136963
0,0.0,26.35748607959505
0,0.0,26.34889463469929
0,0.0,26.3454616176634
0,0.0,26.34504724665797
0,0.0,26.34167471460545
0,0.0,26.33992170821864
0,0.0,26.331713687324847
0,0.0,26.33157633327334
0,0.0,26.32737802947838
0,0.0,26.316393190273722
0,0.0,26.313800469636664
0,0.0,26.306591438712637
0,0.0,26.30597133319712
0,0.0,26.303946973451193
0,0.0,26.302748940037706
0,0.0,26.290186576387338
0,0.0,26.287008945993545
0,0.0,26.280862930426533
0,0.0,26.275271984720252
0,0.0,26.273228911392476
0,0.0,26.272859034635086
0,0.0,26.267048551865273
0,0.0,26.266484906309913
0,0.0,26.261277418913277
0,0.0,26.255464004368665
0,0.0,26.251966010645354
0,0.0,26.2511033534061
0,0.0,26.250718403696542
0,0.0,26.249635603307862
0,0.0,26.24531292206926
0,0.0,26.24264793950683
0,0.0,26.241930568161575
0,0.0,26.23375040423185
0,0.0,26.230547751747096
0,0.0,26.219441206195057
0,0.0,26.213693793748956
0,0.0,26.207335423938385
0,0.0,26.202534045030898
0,0.0,26.200678634352187
0,0.0,26.19960950177928
0,0.0,26.19928674608072
0,0.0,26.199158650236345
0,0.0,26.19783843584351
0,0.0,26.190837770335335
0,0.0,26.186982622489204
0,0.0,26.182103623472635
0,0.0,26.171855402017286
0,0.0,26.171468712816278
0,0.0,26.169613380065815
0,0.0,26.16166638338077
0,0.0,26.15880247268508
0,0.0,26.156244980133284
0,0.0,26.15569528066277
0,0.0,26.147053244949625
0,0.0,26.142813335258147
0,0.0,26.14206290937229
0,0.0,26.141894066204618
0,0.0,26.14002176210026
0,0.0,26.139433351429634
0,0.0,26.128636139099132
0,0.0,26.126535859580322
0,0.0,26.12160486005141
0,0.0,26.121492261520373
0,0.0,26.118442590221317
0,0.0,26.106651543180565
0,0.0,26.100712220514023
0,0.0,26.090646966674388
0,0.0,26.079929239845466
0,0.0,26.076957254921265
0,0.0,26.075951299159424
0,0.0,26.07467785145983
0,0.0,26.068720586863016
0,0.0,26.068289633985653
0,0.0,26.064474912903805
0,0.0,26.06061895446048
0,0.0,26.053119376614493
0,0.0,26.045527765649318
0,0.0,26.04466460693992
0,0.0,26.041556874067147
0,0.0,26.037530267086428
0,0.0,26.03641267273662
0,0.0,26.036162248436483
0,0.0,26.025792137664464
0,0.0,26.016350607126835
0,0.0,26.015152808612854
0,0.0,26.01334874023419
0,0.0,26.01180204641216
0,0.0,26.006573738241254
0,0.0,25.99940951216604
0,0.0,25.993563027917162
0,0.0,25.987931858848146
0,0.0,25.9867780403617
0,0.0,25.985973753685847
0,0.0,25.98588139038144
0,0.0,25.975224737408837
0,0.0,25.974404608872266
0,0.0,25.97407878265766
0,0.0,25.965273139233773
0,0.0,25.96467192531328
0,0.0,25.959940680440955
0,0.0,25.952587401637597
0,0.0,25.94924129885264
0,0.0,25.940545635198873
0,0.0,25.940528695362698
0,0.0,25.93799067149885
0,0.0,25.9359022213155
0,0.0,25.93361651142097
0,0.0,25.93333573634168
0,0.0,25.933091366543625
0,0.0,25.929800703619247
0,0.0,25.929515137578367
0,0.0,25.922831212343908
0,0.0,25.922498371793154
0,0.0,25.919277577929982
0,0.0,25.917442559066092
0,0.0,25.912263513772615
0,0.0,25.90600302477407
0,0.0,25.896647537926942
0,0.0,25.896166986420216
0,0.0,25.894493640189722
0,0.0,25.89203080051549
0,0.0,25.891090601243427
0,0.0,25.89094596713084
0,0.0,25.870973789430323
0,0.0,25.865861281091057
0,0.0,25.86478610225586
0,0.0,25.86462061108076
0,0.0,25.85635964247154
0,0.0,25.83714112468776
0,0.0,25.83530008957986
0,0.0,25.834036002616163
0,0.0,25.830266932842168
0,0.0,25.82671233454173
0,0.0,25.823360239913836
0,0.0,25.81949614478329
0,0.0,25.818944052887932
0,0.0,25.81779911242273
0,0.0,25.81524607267879
0,0.0,25.81314109364635
0,0.0,25.809455587379038
0,0.0,25.80173910137667
0,0.0,25.801310733938458
0,0.0,25.800224339597456
0,0.0,25.799631964959953
0,0.0,25.795429712879365
0,0.0,25.788098895374116
0,0.0,25.787881094110197
0,0.0,25.78650262046572
0,0.0,25.779213948378462
0,0.0,25.778429628846936
0,0.0,25.772827510979777
0,0.0,25.772419824355534
0,0.0,25.768623626722587
0,0.0,25.766881969317556
0,0.0,25.763666132903634
0,0.0,25.75649845318277
0,0.0,25.747431488216407
0,0.0,25.74620893700468
0,0.0,25.742969788102705
0,0.0,25.74216042405186
0,0.0,25.73793747891036
0,0.0,25.733747599804087
0,0.0,25.73171678950284
0,0.0,25.723123687659275
0,0.0,25.721744099222434
0,0.0,25.720597909555725
0,0.0,25.70904029919566
0,0.0,25.708259430992474
0,0.0,25.70486934096808
0,0.0,25.70037600497265
0,0.0,25.699423091196714
0,0.0,25.69881442147731
0,0.0,25.68469780441423
0,0.0,25.683520740539418
0,0.0,25.672311142768567
0,0.0,25.67226565252473
0,0.0,25.67200642239272
0,0.0,25.67150202505744
0,0.0,25.666825583918914
0,0.0,25.66204537765897
0,0.0,25.65132007518107
0,0.0,25.65029758162286
0,0.0,25.64929974426384
0,0.0,25.643642538125643
0,0.0,25.641947594240193
0,0.0,25.622624432222562
0,0.0,25.619427312239704
0,0.0,25.614441131094907
0,0.0,25.613313287574254
0,0.0,25.61146647020073
0,0.0,25.60825956686936
0,0.0,25.60759972483161
0,0.0,25.603718446839032
0,0.0,25.596089879895576
0,0.0,25.5921792664019
0,0.0,25.58935994543947
0,0.0,25.5882038520169
0,0.0,25.58777926889892
0,0.0,25.585911495490254
0,0.0,25.578786092342266
0,0.0,25.57532395607909
0,0.0,25.57347904252106
0,0.0,25.573061362327508
0,0.0,25.568979543624547
0,0.0,25.562765529479055
0,0.0,25.562711151235757
0,0.0,25.561774501216625
0,0.0,25.559794809975582
0,0.0,25.557536274755872
0,0.0,25.557522069359646
0,0.0,25.556075071938263
0,0.0,25.546519880827425
0,0.0,25.544386381939017
0,0.0,25.544245097722314
0,0.0,25.544194679575114
0,0.0,25.53771733215934
0,0.0,25.534622572782244
0,0.0,25.53293195208542
0,0.0,25.523026343708093
0,0.0,25.517868221229495
0,0.0,25.506864380922163
0,0.0,25.505213359881232
0,0.0,25.49128009345104
0,0.0,25.488886934026567
0,0.0,25.48846826321828
0,0.0,25.481403872612628
0,0.0,25.481343079209076
0,0.0,25.480511724081016
0,0.0,25.480155850877956
0,0.0,25.47470615310912
0,0.0,25.47198839757962
0,0.0,25.47187414689333
0,0.0,25.471053313934938
0,0.0,25.470307957441452
0,0.0,25.470008686080188
0,0.0,25.46581268141472
0,0.0,25.463516288378234
0,0.0,25.46207462303092
0,0.0,25.46003061424929
0,0.0,25.45249490089932
0,0.0,25.449336890247203
0,0.0,25.44699124138245
0,0.0,25.443205850770173
0,0.0,25.443135103034376
0,0.0,25.43720936058496
0,0.0,25.435031497562264
0,0.0,25.433431846551617
0,0.0,25.426639272714155
0,0.0,25.425930840840387
0,0.0,25.424078760429655
0,0.0,25.423998481373054
0,0.0,25.412451790728642
0,0.0,25.411537286534866
0,0.0,25.41083456138125
0,0.0,25.41073553769873
0,0.0,25.40409324967499
0,0.0,25.386311629138376
0,0.0,25.37866205645297
0,0.0,25.378111437824835
0,0.0,25.37566129948447
0,0.0,25.374445131894706
0,0.0,25.357361706504637
0,0.0,25.356168788794914
0,0.0,25.35326853775815
0,0.0,25.342964320920622
0,0.0,25.339757716654546
0,0.0,25.32855442245558
0,0.0,25.323295419582273
0,0.0,25.318055005760773
0,0.0,25.311159475725567
0,0.0,25.305939405694854
0,0.0,25.30027078753808
0,0.0,25.293395249059678
0,0.0,25.285581166547804
0,0.0,25.281552711412427
0,0.0,25.263277124012717
0,0.0,25.263222737560515
0,0.0,25.26227186306879
0,0.0,25.258688273613632
0,0.0,25.258240584659934
0,0.0,25.25651068310172
0,0.0,25.255408360702724
0,0.0,25.255029183456386
0,0.0,25.253565669012115
0,0.0,25.25292564044257
0,0.0,25.252061902259083
0,0.0,25.25130868204452
0,0.0,25.249623713534174
0,0.0,25.246388123321402
0,0.0,25.24440272904396
0,0.0,25.243428158667545
0,0.0,25.241757689465253
0,0.0,25.238782737706504
0,0.0,25.238632166678713
0,0.0,25.238510768512825
0,0.0,25.235068808034324
0,0.0,25.232317545382948
0,0.0,25.202513131475
0,0.0,25.195173285868147
0,0.0,25.19291509024439
0,0.0,25.1893958715837
0,0.0,25.17773514900149
0,0.0,25.165619641260395
0,0.0,25.16435582204421
0,0.0,25.153629043475988
0,0.0,25.152824456032956
0,0.0,25.148476933799536
0,0.0,25.13906196584414
0,0.0,25.136694958768302
0,0.0,25.13593850265367
0,0.0,25.122405994970826
0,0.0,25.10914706130348
0,0.0,25.108975403805918
0,0.0,25.107195877846056
0,0.0,25.106410291072322
0,0.0,25.103082455147028
0,0.0,25.0941965919775
0,0.0,25.093682621363335
0,0.0,25.092227432936195
0,0.0,25.090721720276566
0,0.0,25.08634262027194
0,0.0,25.08074164236499
0,0.0,25.078922552464103
0,0.0,25.07106192393386
0,0.0,25.070007525913873
0,0.0,25.068184885056073
0,0.0,25.06250816995703
0,0.0,25.06182014591591
0,0.0,25.061118493923132
0,0.0,25.057069002496902
0,0.0,25.05310119790865
0,0.0,25.0477876426777
0,0.0,25.047212878774847
0,0.0,25.047126039332305
0,0.0,25.03903257286064
0,0.0,25.03788972150402
0,0.0,25.030610462239043
0,0.0,25.014132760075682
0,0.0,25.014050359588296
0,0.0,25.01221967578088
0,0.0,25.010392692519954
0,0.0,25.007322241251515
0,0.0,25.00549245691856
0,0.0,25.003531515881008
0,0.0,25.002644091314867
0,0.0,25.002515728386456
0,0.0,24.998661767357717
0,0.0,24.993768788856435
0,0.0,24.99365058388113
0,0.0,24.98712164378429
0,0.0,24.98539080595342
0,0.0,24.976941071937993
0,0.0,24.976215890939795
0,0.0,24.97366301938949
0,0.0,24.97269314966901
0,0.0,24.96771628087194
0,0.0,24.966511389358494
0,0.0,24.965015905465727
0,0.0,24.952998943048023
0,0.0,24.951736357973548
0,0.0,24.951517936464608
0,0.0,24.947719559352976
0,0.0,24.94759816431179
0,0.0,24.946600696787314
0,0.0,24.943909941695807
0,0.0,24.942537555659047
0,0.0,24.941947319418816
0,0.0,24.93569224415279
0,0.0,24.935346137982254
0,0.0,24.926520242351426
0,0.0,24.925213253251048
0,0.0,24.925085996454182
0,0.0,24.90985282435001
0,0.0,24.904758227066843
0,0.0,24.902853713239956
0,0.0,24.902849765408643
0,0.0,24.887011576526966
0,0.0,24.88301921292658
0,0.0,24.876212977681675
0,0.0,24.87387587963704
0,0.0,24.871368273498366
0,0.0,24.86627125229587
0,0.0,24.864102504022426
0,0.0,24.86104057462413
0,0.0,24.857582450271835
0,0.0,24.855754925621458
0,0.0,24.85068831416764
0,0.0,24.84270788502541
0,0.0,24.841721571784372
0,0.0,24.839898277410306
0,0.0,24.821426771901503
0,0.0,24.815429764815093
0,0.0,24.815218391282713
0,0.0,24.81392231526446
0,0.0,24.807509365161984
0,0.0,24.806698805053458
0,0.0,24.804299014781268
0,0.0,24.781821421772136
0,0.0,24.7670322060338
0,0.0,24.76131998844931
0,0.0,24.759322317129012
0,0.0,24.75508601049783
0,0.0,24.750671458346122
0,0.0,24.748213753463766
0,0.0,24.74538482460565
0,0.0,24.740299088360302
0,0.0,24.73817627931059
0,0.0,24.736611684983266
0,0.0,24.73285409632624
0,0.0,24.732850849614888
0,0.0,24.73163687948529
0,0.0,24.730677180470316
0,0.0,24.72504234727562
0,0.0,24.719617219590003
0,0.0,24.706830669128852
0,0.0,24.70473332664246
0,0.0,24.699263655590958
0,0.0,24.698278632288496
0,0.0,24.69723035442473
0,0.0,24.691143885255944
0,0.0,24.690650062142073
0,0.0,24.690611707128106
0,0.0,24.682956908453352
0,0.0,24.682305975788722
0,0.0,24.67906034211239
0,0.0,24.67769600638098
0,0.0,24.67421209686873
0,0.0,24.668576681204705
0,0.0,24.665384331922418
0,0.0,24.663153554630064
0,0.0,24.660065145353474
0,0.0,24.653569391565984
0,0.0,24.650989533359844
0,0.0,24.647127938027587
0,0.0,24.646186447948146
0,0.0,24.6439914638392
0,0.0,24.641836669649898
0,0.0,24.628584960198552
0,0.0,24.623862506500178
0,0.0,24.622524207112477
0,0.0,24.622515283709447
0,0.0,24.61954306628612
0,0.0,24.613516685792813
0,0.0,24.612938990867544
0,0.0,24.610349032818416
0,0.0,24.608517261015354
0,0.0,24.607841937063302
0,0.0,24.604172427369218
0,0.0,24.5984680395427
0,0.0,24.593337827753633
0,0.0,24.588971776652148
0,0.0,24.587802508196564
0,0.0,24.584673666259445
0,0.0,24.58412499881428
0,0.0,24.576315890670813
0,0.0,24.570289703129934
0,0.0,24.56813027090706
0,0.0,24.56041538004328
0,0.0,24.56003713530678
0,0.0,24.54999699817733
0,0.0,24.54996794856297
0,0.0,24.5495568130317
0,0.0,24.548319324998054
0,0.0,24.548089183708512
0,0.0,24.546291752715707
0,0.0,24.536231361015933
0,0.0,24.53566116352189
0,0.0,24.531523142694223
0,0.0,24.530345589510123
0,0.0,24.5221775706082
0,0.0,24.521351105425584
0,0.0,24.50762118340716
0,0.0,24.50196118570477
0,0.0,24.5002719340083
0,0.0,24.496545685322037
0,0.0,24.493751773181057
0,0.0,24.49373884508967
0,0.0,24.488176972645473
0,0.0,24.484819381913365
0,0.0,24.48154299647194
0,0.0,24.480910308024903
0,0.0,24.479649696937347
0,0.0,24.473809649745654
0,0.0,24.469653246001272
0,0.0,24.468671739836154
0,0.0,24.464324612212003
0,0.0,24.461975493376354
0,0.0,24.46050149468568
0,0.0,24.456649052391022
0,0.0,24.450271155211276
0,0.0,24.449810092938424
0,0.0,24.44947212131414
0,0.0,24.446641297229615
0,0.0,24.44564049247267
0,0.0,24.44360842813629
0,0.0,24.420922895205766
0,0.0,24.413250282997602
0,0.0,24.412729174266275
0,0.0,24.411237192950303
0,0.0,24.408418733677227
0,0.0,24.407955911588356
0,0.0,24.404629920252848
0,0.0,24.40075431603408
0,0.0,24.399554012734573
0,0.0,24.39756813521069
0,0.0,24.397460917104457
0,0.0,24.39238702375338
0,0.0,24.385086154901074
0,0.0,24.382159407533212
0,0.0,24.380528943159863
0,0.0,24.37802867945616
0,0.0,24.37425043136968
0,0.0,24.36662563947181
0,0.0,24.36655442951603
0,0.0,24.36621123637528
0,0.0,24.36221119385842
0,0.0,24.360147877820364
0,0.0,24.355527988890024
0,0.0,24.35274851220003
0,0.0,24.35188290058366
0,0.0,24.350395550798865
0,0.0,24.349211494859194
0,0.0,24.347920462749112
0,0.0,24.346281917881743
0,0.0,24.337156551362877
0,0.0,24.33377203069534
0,0.0,24.327855113994797
0,0.0,24.325289851152736
0,0.0,24.322158047088312
0,0.0,24.32023930860639
0,0.0,24.318308144587014
0,0.0,24.316315456970724
0,0.0,24.303529315043512
0,0.0,24.303464631459363
0,0.0,24.300133091911327
0,0.0,24.29239566829223
0,0.0,24.29017167136202
0,0.0,24.289883695452083
0,0.0,24.285810346375385
0,0.0,24.28114776013143
0,0.0,24.274796647281438
0,0.0,24.27476293315498
0,0.0,24.27397286252671
0,0.0,24.268856440313733
0,0.0,24.265192815372405
0,0.0,24.26506864060135
0,0.0,24.26445697542376
0,0.0,24.264028954326808
0,0.0,24.261438646120197
0,0.0,24.260452002172045
0,0.0,24.252508194097093
0,0.0,24.249588585560783
0,0.0,24.246828535515544
0,0.0,24.240132049568707
0,0.0,24.23800812056302
0,0.0,24.232270664314655
0,0.0,24.23150014057153
0,0.0,24.231337548069018
0,0.0,24.22983492298668
0,0.0,24.228173606617208
0,0.0,24.22813153918627
0,0.0,24.227805077898967
0,0.0,24.22244551663387
0,0.0,24.221086337696782
0,0.0,24.216107162486708
0,0.0,24.210522169378947
0,0.0,24.210437569972033
0,0.0,24.208918877602994
0,0.0,24.202143294831625
0,0.0,24.201349492617947
0,0.0,24.199411229970803
0,0.0,24.199318630584514
0,0.0,24.19631661746551
0,0.0,24.183743226354558
0,0.0,24.180262848005363
0,0.0,24.17844084905077
0,0.0,24.17117139653087
0,0.0,24.15492979300823
0,0.0,24.154669321443155
0,0.0,24.1512025979935
0,0.0,24.14892157046724
0,0.0,24.148390823061913
0,0.0,24.144644861084906
0,0.0,24.1444459861109
0,0.0,24.14177210544101
0,0.0,24.14139773734618
0,0.0,24.13373045358852
0,0.0,24.1314896083772
0,0.0,24.127805904605868
0,0.0,24.127321403358668
0,0.0,24.119084822730454
0,0.0,24.114730366791687
0,0.0,24.112939371212484
0,0.0,24.11261612059426
0,0.0,24.104936434729883
0,0.0,24.104237640101946
0,0.0,24.097648171083026
0,0.0,24.09728055299527
0,0.0,24.09441139365603
0,0.0,24.087890018309324
0,0.0,24.08546233360187
0,0.0,24.081383922186102
0,0.0,24.077400815215377
0,0.0,24.07036073819354
0,0.0,24.069719584336102
0,0.0,24.069204249348896
0,0.0,24.05875576298567
0,0.0,24.053191448905995
0,0.0,24.042949904858006
0,0.0,24.042615578513566
0,0.0,24.037606456745525
0,0.0,24.03741724820675
0,0.0,24.03626979503846
0,0.0,24.033185809924934
0,0.0,24.031046489479966
0,0.0,24.025069442678173
0,0.0,24.022710731849582
0,0.0,24.021040950649358
0,0.0,24.02103397049889
0,0.0,24.019410413478802
0,0.0,24.01907052274578
0,0.0,24.01417403610515
0,0.0,24.013732679551232
0,0.0,24.012317914206232
0,0.0,24.010858936409416
0,0.0,24.002126149769637
0,0.0,23.996680018834677
0,0.0,23.996266576118504
0,0.0,23.982974053881314
0,0.0,23.982924504226027
0,0.0,23.975240604116838
0,0.0,23.962418767058782
0,0.0,23.958361884346562
0,0.0,23.954194432236054
0,0.0,23.948006547375194
0,0.0,23.93831645867591
0,0.0,23.936476422246262
0,0.0,23.91750024335971
0,0.0,23.91678375922863
0,0.0,23.91290080143284
0,0.0,23.909453403776922
0,0.0,23.908705963892345
0,0.0,23.908663339508873
0,0.0,23.90703341143439
0,0.0,23.904802441446154
0,0.0,23.895958047990373
0,0.0,23.89225129582253
0,0.0,23.891557521475956
0,0.0,23.891122454799643
0,0.0,23.89065899682743
0,0.0,23.887547828855627
0,0.0,23.88705733863037
0,0.0,23.88702013215989
0,0.0,23.876498117895604
0,0.0,23.87625884350386
0,0.0,23.87462721128813
0,0.0,23.873732312320016
0,0.0,23.868052542402893
0,0.0,23.867911612092385
0,0.0,23.866047692798094
0,0.0,23.85743401807036
0,0.0,23.853357428821557
0,0.0,23.85250052275923
0,0.0,23.851310714078377
0,0.0,23.847807073611932
0,0.0,23.84646596561871
0,0.0,23.846361744888476
0,0.0,23.843307551571048
0,0.0,23.838576450266412
0,0.0,23.835765852325668
0,0.0,23.82683654156604
0,0.0,23.820722737169323
0,0.0,23.820478134397675
0,0.0,23.820456526540355
0,0.0,23.8196264635735
0,0.0,23.8190419229548
0,0.0,23.81869852877863
0,0.0,23.818396494792694
0,0.0,23.818180399490842
0,0.0,23.8093687795641
0,0.0,23.802332110467372
0,0.0,23.80187304200597
0,0.0,23.80026061966272
0,0.0,23.800077431585837
0,0.0,23.799393904018416
0,0.0,23.794628028036282
0,0.0,23.79151620550318
0,0.0,23.785036606247395
0,0.0,23.784757072280946
0,0.0,23.782654872565885
0,0.0,23.781418139927865
0,0.0,23.778864236198604
0,0.0,23.777336523702484
0,0.0,23.774686030410557
0,0.0,23.771716160136815
0,0.0,23.766161892102197
0,0.0,23.76247767324974
0,0.0,23.760005208563456
0,0.0,23.759619877615112
0,0.0,23.751086898999784
0,0.0,23.744123325291863
0,0.0,23.742977092500034
0,0.0,23.73858385213262
0,0.0,23.73107543809161
0,0.0,23.727379348240316
0,0.0,23.721706362402923
0,0.0,23.714917153383652
0,0.0,23.71298268012878
0,0.0,23.707816028912415
0,0.0,23.70650648281875
0,0.0,23.703375977421842
0,0.0,23.691513467823338
0,0.0,23.690537686480162
0,0.0,23.68866066984876
0,0.0,23.68279182436963
0,0.0,23.679628529184924
0,0.0,23.6792785028848
0,0.0,23.677880063139547
0,0.0,23.676550111314214
0,0.0,23.67593435484358
0,0.0,23.670593546298022
0,0.0,23.67024286585327
0,0.0,23.666387932985582
0,0.0,23.665500945532283
0,0.0,23.663207308644136
0,0.0,23.662632323169102
0,0.0,23.658986138282856
0,0.0,23.656455622188783
0,0.0,23.654667276433127
0,0.0,23.651244574576243
0,0.0,23.6410635969464
0,0.0,23.640171304367943
0,0.0,23.626836318765186
0,0.0,23.62593551588663
0,0.0,23.624328858290376
0,0.0,23.62329459493903
0,0.0,23.61699746327893
0,0.0,23.60945739921682
0,0.0,23.60789236086884
0,0.0,23.604779381475577
0,0.0,23.603443564257834
0,0.0,23.598668975615272
0,0.0,23.590739980214103
0,0.0,23.590183910220876
0,0.0,23.586819073012943
0,0.0,23.584676133331776
0,0.0,23.57963591959684
0,0.0,23.577813251936238
0,0.0,23.575956317525733
0,0.0,23.574931248005957
0,0.0,23.57202011286117
0,0.0,23.568876855051748
0,0.0,23.56638838118785
0,0.0,23.56597351376155
0,0.0,23.556392914444196
0,0.0,23.556047274460987
0,0.0,23.55285866993654
0,0.0,23.549997732052695
0,0.0,23.548460251290695
0,0.0,23.546333140825524
0,0.0,23.543052360261928
0,0.0,23.54303770890967
0,0.0,23.54072666633048
0,0.0,23.53621404515462
0,0.0,23.529723293736748
0,0.0,23.52427356501341
0,0.0,23.520192172219772
0,0.0,23.518933877856327
0,0.0,23.51501807367981
0,0.0,23.511598429267117
0,0.0,23.506245171452573
0,0.0,23.505452694355274
0,0.0,23.500189016156206
0,0.0,23.498585098815045
0,0.0,23.496544424565087
0,0.0,23.4948854648867
0,0.0,23.494260673291233
0,0.0,23.4931639645863
0,0.0,23.49241573649696
0,0.0,23.490896086063326
0,0.0,23.48905458182518
0,0.0,23.486632137117756
0,0.0,23.477963236348252
0,0.0,23.476813551032166
0,0.0,23.47329160770533
0,0.0,23.468423802780542
0,0.0,23.456003861057567
0,0.0,23.451427300870538
0,0.0,23.45022524398268
0,0.0,23.450210064774215
0,0.0,23.44757202616501
0,0.0,23.43926661525792
0,0.0,23.438820074282994
0,0.0,23.43852521251992
0,0.0,23.43590272120712
0,0.0,23.429447661455576
0,0.0,23.428103732122274
0,0.0,23.41983124078599
0,0.0,23.416187385670465
0,0.0,23.414148421614136
0,0.0,23.413025886293948
0,0.0,23.409917207473214
0,0.0,23.407028404779343
0,0.0,23.4056339102598
0,0.0,23.405338242056327
0,0.0,23.40269873289762
0,0.0,23.402194513663172
0,0.0,23.400779873255985
0,0.0,23.393864511037656
0,0.0,23.39278763899953
0,0.0,23.391840953297486
0,0.0,23.3917683122124
0,0.0,23.390954137968457
0,0.0,23.39046909360845
0,0.0,23.387996640188305
0,0.0,23.385288583262817
0,0.0,23.381525574656546
0,0.0,23.381290766722106
0,0.0,23.37848437039023
0,0.0,23.37342211097726
0,0.0,23.37270034054575
0,0.0,23.363601765708918
0,0.0,23.36338102034502
0,0.0,23.357294886643913
0,0.0,23.354191054662735
0,0.0,23.341934628918718
0,0.0,23.34075448038316
0,0.0,23.3404523908007
0,0.0,23.33884984665138
0,0.0,23.334625023144216
0,0.0,23.33276940399901
0,0.0,23.331670676680464
0,0.0,23.32860449458564
0,0.0,23.326475592761415
0,0.0,23.321415763869545
0,0.0,23.319682881636993
0,0.0,23.31859590156093
0,0.0,23.31735418300478
0,0.0,23.305837431479144
0,0.0,23.3057568090324
0,0.0,23.29291366730582
0,0.0,23.290617114645823
0,0.0,23.290029916310107
0,0.0,23.285924726524655
0,0.0,23.285151437752837
0,0.0,23.283748943089606
0,0.0,23.270363123251638
0,0.0,23.266816934290667
0,0.0,23.26512632687562
0,0.0,23.263690501848263
0,0.0,23.261071200686796
0,0.0,23.25696607383887
0,0.0,23.2561129162029
0,0.0,23.251713536409472
0,0.0,23.249102725724168
0,0.0,23.240138493025416
0,0.0,23.22882133607218
0,0.0,23.22458026476914
0,0.0,23.22180873561965
0,0.0,23.22116901862861
0,0.0,23.213996807451316
0,0.0,23.2134727990606
0,0.0,23.211914682534996
0,0.0,23.202113470959027
0,0.0,23.200436032042738
0,0.0,23.19940555604199
0,0.0,23.199130267761216
0,0.0,23.195932785728655
0,0.0,23.19580843270053
0,0.0,23.192486956928605
0,0.0,23.184071252033007
0,0.0,23.17618529554943
0,0.0,23.17145795576977
0,0.0,23.169602972290576
0,0.0,23.162571208846924
0,0.0,23.15981149357253
0,0.0,23.157909107967818
0,0.0,23.153892960559507
0,0.0,23.151814295462408
0,0.0,23.148843552873934
0,0.0,23.134831083847747
0,0.0,23.133228086791945
0,0.0,23.128821783301248
0,0.0,23.127000484322792
0,0.0,23.12663501352502
0,0.0,23.12363990522901
0,0.0,23.12352211895651
0,0.0,23.123349794871533
0,0.0,23.119999779312614
0,0.0,23.11858614550888
0,0.0,23.11366135510937
0,0.0,23.11196956213972
0,0.0,23.099923006466426
0,0.0,23.093615372013865
0,0.0,23.09348095810765
0,0.0,23.09254171592075
0,0.0,23.09211168762914
0,0.0,23.087762658393114
0,0.0,23.087104514438963
0,0.0,23.08583306911562
0,0.0,23.075635150221483
0,0.0,23.074146397536605
0,0.0,23.072056754086056
0,0.0,23.070357186877064
0,0.0,23.067581473329696
0,0.0,23.06739901046758
0,0.0,23.06500202700898
0,0.0,23.064699431472068
0,0.0,23.06299682959928
0,0.0,23.055074169528847
0,0.0,23.049070625116002
0,0.0,23.047068243584945
0,0.0,23.04561602338208
0,0.0,23.044233895316914
0,0.0,23.0349772178518
0,0.0,23.03396135808338
0,0.0,23.0337962701693
0,0.0,23.028498490320125
0,0.0,23.02339556443933
0,0.0,23.02322106561602
0,0.0,23.023211926201814
0,0.0,23.02276845820361
0,0.0,23.01341628524524
0,0.0,23.009503901052096
0,0.0,23.00858327099683
0,0.0,23.00721183467164
0,0.0,23.006638879256467
0,0.0,23.00344358330119
0,0.0,22.989990541304316
0,0.0,22.98794993321236
0,0.0,22.979069185773405
0,0.0,22.97644048791071
0,0.0,22.967164263810176
0,0.0,22.96332917619221
0,0.0,22.962628073978703
0,0.0,22.959981653803574
0,0.0,22.958930673560147
0,0.0,22.95809434017063
0,0.0,22.957647268450394
0,0.0,22.94339705711638
0,0.0,22.941199185220928
0,0.0,22.9297354992772
0,0.0,22.925503214513757
0,0.0,22.9205711692854
0,0.0,22.919833015499677
0,0.0,22.91627170886392
0,0.0,22.916222250700784
0,0.0,22.912995489237137
0,0.0,22.90966396403396
0,0.0,22.908367347186523
0,0.0,22.905767317240173
0,0.0,22.896194019456566
0,0.0,22.8935284665025
0,0.0,22.892968720147184
0,0.0,22.887440949822487
0,0.0,22.887017144529096
0,0.0,22.885673761884192
0,0.0,22.877214859302356
0,0.0,22.87567317279409
0,0.0,22.867901568527063
0,0.0,22.866254958217862
0,0.0,22.8632480396911
0,0.0,22.85549472940623
0,0.0,22.853894024173552
0,0.0,22.848364781941385
0,0.0,22.84734450943177
0,0.0,22.84632949231649
0,0.0,22.844064929620657
0,0.0,22.83868238621118
0,0.0,22.829566366496017
0,0.0,22.821301555261385
0,0.0,22.819959406585447
0,0.0,22.814415236277945
0,0.0,22.800686803243515
0,0.0,22.800599221701493
0,0.0,22.79562956588547
0,0.0,22.792267378309315
0,0.0,22.78882295702602
0,0.0,22.787324797430603
0,0.0,22.786173898130432
0,0.0,22.78368690611954
0,0.0,22.77735449952978
0,0.0,22.77558261687557
0,0.0,22.774581877885982
0,0.0,22.772591808749286
0,0.0,22.770640880758865
0,0.0,22.768211810306532
0,0.0,22.76645283236773
0,0.0,22.75602099508835
0,0.0,22.74666061113629
0,0.0,22.734079387834438
0,0.0,22.725269672163893
0,0.0,22.721625249364426
0,0.0,22.72102456800425
0,0.0,22.720286253651604
0,0.0,22.71926406100526
0,0.0,22.71916922617722
0,0.0,22.71343397489638
0,0.0,22.708170713836402
0,0.0,22.707192290793483
0,0.0,22.70695209730516
0,0.0,22.69836005184262
0,0.0,22.697481732009987
0,0.0,22.696134879603207
0,0.0,22.695646356318147
0,0.0,22.69398018616907
0,0.0,22.688184783600274
0,0.0,22.686613273444852
0,0.0,22.685679332647645
0,0.0,22.68542550117455
0,0.0,22.68330249332592
0,0.0,22.679014132112947
0,0.0,22.67798088116467
0,0.0,22.669322910618284
0,0.0,22.661230399516015
0,0.0,22.65857758939069
0,0.0,22.64755902093257
0,0.0,22.637396658490424
0,0.0,22.63350418725424
0,0.0,22.631712296713133
0,0.0,22.622660173510027
0,0.0,22.618036537025517
0,0.0,22.60679443546601
0,0.0,22.603821438875574
0,0.0,22.60212828424994
0,0.0,22.601705135868006
0,0.0,22.59411766905739
0,0.0,22.591716321588798
0,0.0,22.591089461035025
0,0.0,22.59050050303427
0,0.0,22.583866618315056
0,0.0,22.580648138011487
0,0.0,22.577370192428273
0,0.0,22.571932012345243
0,0.0,22.57183096858528
0,0.0,22.57012577925442
0,0.0,22.56574406781252
0,0.0,22.56507856111265
0,0.0,22.56202473003945
0,0.0,22.559305282235155
0,0.0,22.557396431395475
0,0.0,22.556928671409143
0,0.0,22.556077187947306
0,0.0,22.55583650205535
0,0.0,22.554536021373995
0,0.0,22.553773747355706
0,0.0,22.55318087528753
0,0.0,22.552656174628765
0,0.0,22.54965682043289
0,0.0,22.543932829881168
0,0.0,22.543080149091782
0,0.0,22.54292542101552
0,0.0,22.535310123698792
0,0.0,22.5342085016532
0,0.0,22.533173000252216
0,0.0,22.532943112827173
0,0.0,22.52724124907874
0,0.0,22.515332250161876
0,0.0,22.51469538713223
0,0.0,22.51343552899011
0,0.0,22.510655565531195
0,0.0,22.503189277658617
0,0.0,22.50061245152031
0,0.0,22.498340119401806
0,0.0,22.49634474546388
0,0.0,22.49075328924908
0,0.0,22.490374238463204
0,0.0,22.48918500125979
0,0.0,22.488522911224376
0,0.0,22.482321826073367
0,0.0,22.472805158463487
0,0.0,22.472454381384832
0,0.0,22.47193135630376
0,0.0,22.471730677605493
0,0.0,22.467504965568033
0,0.0,22.464003614890483
0,0.0,22.45869320810744
0,0.0,22.457989490119385
0,0.0,22.455578786912383
0,0.0,22.447695679344964
0,0.0,22.44639653660257
0,0.0,22.443496336303628
0,0.0,22.44289133748988
0,0.0,22.442588961048273
0,0.0,22.44052784972886
0,0.0,22.43954708534843
0,0.0,22.43848511408066
0,0.0,22.43824029630927
0,0.0,22.433614070349687
0,0.0,22.427772443372763
0,0.0,22.424992547619585
0,0.0,22.424227847761244
0,0.0,22.41822723737825
0,0.0,22.409548411195143
0,0.0,22.407936752805785
0,0.0,22.404196321212808
0,0.0,22.403585261436675
0,0.0,22.401086515827302
0,0.0,22.400619185949132
0,0.0,22.399838102908145
0,0.0,22.393629177065936
0,0.0,22.393034266487916
0,0.0,22.39135379308588
0,0.0,22.388658136498215
0,0.0,22.38818132133337
0,0.0,22.38353400190465
0,0.0,22.375946039219492
0,0.0,22.375103966955326
0,0.0,22.375061223592535
0,0.0,22.373184871993033
0,0.0,22.371554953913456
0,0.0,22.36617602828044
0,0.0,22.361598932671285
0,0.0,22.36130923357834
0,0.0,22.357376958714575
0,0.0,22.355116410330467
0,0.0,22.346491006701488
0,0.0,22.341278552109404
0,0.0,22.338733399158265
0,0.0,22.33554938423073
0,0.0,22.32814186488739
0,0.0,22.323517636948267
0,0.0,22.32028897330826
0,0.0,22.31621167626377
0,0.0,22.314020140403475
0,0.0,22.31206864934457
0,0.0,22.308307536131707
0,0.0,22.2979855197249
0,0.0,22.296345173756073
0,0.0,22.296192159266088
0,0.0,22.287769293370427
0,0.0,22.284429786204814
0,0.0,22.275056194895157
0,0.0,22.27014719824869
0,0.0,22.26692299686792
0,0.0,22.265413047048114
0,0.0,22.25890626609923
0,0.0,22.254707741389147
0,0.0,22.251684080804377
0,0.0,22.249223078210743
0,0.0,22.24098712689098
0,0.0,22.237662389753865
0,0.0,22.22573139901095
0,0.0,22.225196243701085
0,0.0,22.222937272702673
0,0.0,22.21188600541135
0,0.0,22.198406121883064
0,0.0,22.19764446618468
0,0.0,22.196931501791543
0,0.0,22.196579011431414
0,0.0,22.195621133268755
0,0.0,22.186135064180796
0,0.0,22.183385956281207
0,0.0,22.179442013298484
0,0.0,22.178684531521856
0,0.0,22.177765205297423
0,0.0,22.16695038900121
0,0.0,22.162028510364525
0,0.0,22.16090004048042
0,0.0,22.15836459419675
0,0.0,22.157371820406496
0,0.0,22.15097775085114
0,0.0,22.150008092102365
0,0.0,22.14927895321003
0,0.0,22.141763107442156
0,0.0,22.132951635279067
0,0.0,22.124945037249386
0,0.0,22.116221626622092
0,0.0,22.113179833866276
0,0.0,22.109512056769756
0,0.0,22.108425251945015
0,0.0,22.10044650316007
0,0.0,22.100253275515907
0,0.0,22.09992510535364
0,0.0,22.097811376948705
0,0.0,22.097098710385026
0,0.0,22.09412392011561
0,0.0,22.093552087586925
0,0.0,22.090576206688798
0,0.0,22.087377283542303
0,0.0,22.085590774699956
0,0.0,22.084430403060445
0,0.0,22.081480223205684
0,0.0,22.076449227109226
0,0.0,22.072328144422528
0,0.0,22.069045338689634
0,0.0,22.064250208891952
0,0.0,22.05569242963075
0,0.0,22.052934683561915
0,0.0,22.051761119034506
0,0.0,22.050044622329708
0,0.0,22.048960178199398
0,0.0,22.044727111601084
0,0.0,22.033912556186404
0,0.0,22.03279220578063
0,0.0,22.030195869497803
0,0.0,22.02971217366426
0,0.0,22.02934395905007
0,0.0,22.025576399868495
0,0.0,22.025049573555528
0,0.0,22.02504557943133
0,0.0,22.02177986263326
0,0.0,22.019307958577535
0,0.0,22.019127003028046
0,0.0,22.017819958113254
0,0.0,22.015193720024318
0,0.0,22.015030315531252
0,0.0,22.01133528809593
0,0.0,21.99524261876405
0,0.0,21.993239078348065
0,0.0,21.989314773333028
0,0.0,21.988841418005794
0,0.0,21.987789400209948
0,0.0,21.986020626989507
0,0.0,21.980195801903765
0,0.0,21.979278590994902
0,0.0,21.97893237484377
0,0.0,21.978441026662686
0,0.0,21.973376615074883
0,0.0,21.972276645604044
0,0.0,21.9700445344831
0,0.0,21.96909105305102
0,0.0,21.967506961807853
0,0.0,21.96235939619883
0,0.0,21.958220896649824
0,0.0,21.955827293494067
0,0.0,21.953064326484675
0,0.0,21.9527505879619
0,0.0,21.94460062550788
0,0.0,21.944374671643462
0,0.0,21.938348647389493
0,0.0,21.931416484988613
0,0.0,21.93071353255002
0,0.0,21.928191900847214
0,0.0,21.92251902987233
0,0.0,21.919769169467582
0,0.0,21.919306891857826
0,0.0,21.91277785388288
0,0.0,21.91131892539053
0,0.0,21.911019244568305
0,0.0,21.911015953825906
0,0.0,21.91036974730597
0,0.0,21.90781042373664
0,0.0,21.902622495878617
0,0.0,21.89214670658035
0,0.0,21.89147548766328
0,0.0,21.89101940078893
0,0.0,21.8883510253545
0,0.0,21.88777586695381
0,0.0,21.88209663314075
0,0.0,21.880510712629228
0,0.0,21.87922924755494
0,0.0,21.87725053818284
0,0.0,21.873027396902955
0,0.0,21.866657468565837
0,0.0,21.862806745717513
0,0.0,21.86129281526518
0,0.0,21.858665049150204
0,0.0,21.856058039207042
0,0.0,21.855298988419577
0,0.0,21.853396112029856
0,0.0,21.844264532343832
0,0.0,21.840311872191442
0,0.0,21.838063926738503
0,0.0,21.837398040118142
0,0.0,21.837101609783634
0,0.0,21.834855708843584
0,0.0,21.828411738762533
0,0.0,21.823429900256386
0,0.0,21.819017666211717
0,0.0,21.81322743690496
0,0.0,21.80613729341784
0,0.0,21.800457025056083
0,0.0,21.799567318731835
0,0.0,21.797401880005417
0,0.0,21.79174700040295
0,0.0,21.788931051634737
0,0.0,21.786954309307667
0,0.0,21.78678649314475
0,0.0,21.785796526824353
0,0.0,21.78418392170039
0,0.0,21.781663855382018
0,0.0,21.781019182901336
0,0.0,21.778020310884823
0,0.0,21.771481026653163
0,0.0,21.76906276550001
0,0.0,21.768544544855832
0,0.0,21.767468840836877
0,0.0,21.7670840959593
0,0.0,21.76505620505508
0,0.0,21.763998647468195
0,0.0,21.763391820810806
0,0.0,21.759578875313206
0,0.0,21.75672312311394
0,0.0,21.748116636266477
0,0.0,21.74731435656604
0,0.0,21.744477813919545
0,0.0,21.74381284565663
0,0.0,21.743502739867708
0,0.0,21.74057094371346
0,0.0,21.740513198393803
0,0.0,21.73734257160596
0,0.0,21.733953086421845
0,0.0,21.729337062201193
0,0.0,21.722349751283243
0,0.0,21.72190148069005
0,0.0,21.71773098236554
0,0.0,21.71758231105458
0,0.0,21.71140729185932
0,0.0,21.70960966978451
0,0.0,21.691133833868083
0,0.0,21.68813936802456
0,0.0,21.681870538130433
0,0.0,21.6754720243432
0,0.0,21.673095068942818
0,0.0,21.66881048982201
0,0.0,21.666542872592437
0,0.0,21.663872525662036
0,0.0,21.663778390732354
0,0.0,21.6596353355189
0,0.0,21.654230493445716
0,0.0,21.654090068099528
0,0.0,21.653652062622495
0,0.0,21.652243027314913
0,0.0,21.651918277879755
0,0.0,21.648617656607012
0,0.0,21.645343166705427
0,0.0,21.645309334115574
0,0.0,21.63666072766362
0,0.0,21.631725591844805
0,0.0,21.627709965113617
0,0.0,21.627681538214766
0,0.0,21.62678599730935
0,0.0,21.626697296141437
0,0.0,21.62145441487068
0,0.0,21.62140099479966
0,0.0,21.619951268083344
0,0.0,21.615484946322123
0,0.0,21.614128697657822
0,0.0,21.608147067994345
0,0.0,21.607470442980947
0,0.0,21.604999345176644
0,0.0,21.59709932284325
0,0.0,21.586291990228027
0,0.0,21.585249998280673
0,0.0,21.583808876578107
0,0.0,21.5777932833458
0,0.0,21.57739588627453
0,0.0,21.56491680820149
0,0.0,21.56039367695336
0,0.0,21.558258393511103
0,0.0,21.556102306992543
0,0.0,21.55039412066458
0,0.0,21.54999155192531
0,0.0,21.54853810299144
0,0.0,21.5460542178852
0,0.0,21.539839751233067
0,0.0,21.538056083254965
0,0.0,21.534769182106356
0,0.0,21.532341846481668
0,0.0,21.530770516489593
0,0.0,21.5159983042662
0,0.0,21.515666673558442
0,0.0,21.51404199827384
0,0.0,21.509510072115464
0,0.0,21.5062444587666
0,0.0,21.50403286685486
0,0.0,21.50384069244104
0,0.0,21.503334061855668
0,0.0,21.498892088951997
0,0.0,21.49112074494884
0,0.0,21.486290884533048
0,0.0,21.48496153403414
0,0.0,21.48211710459606
0,0.0,21.48073200992024
0,0.0,21.475048865541577
0,0.0,21.47414558497919
0,0.0,21.472591368593587
0,0.0,21.46718066734706
0,0.0,21.46316588504678
0,0.0,21.462247500414172
0,0.0,21.460867078237946
0,0.0,21.459192532656512
0,0.0,21.452824756360588
0,0.0,21.452460273019373
0,0.0,21.450254153031977
0,0.0,21.447496168241944
0,0.0,21.445766629684382
0,0.0,21.439256093024387
0,0.0,21.435477147915993
0,0.0,21.42304177414996
0,0.0,21.42243074627718
0,0.0,21.421535235250886
0,0.0,21.420357378779105
0,0.0,21.419914503712132
0,0.0,21.418748298965752
0,0.0,21.41666777055476
0,0.0,21.416372057494392
0,0.0,21.411751375264455
0,0.0,21.40464207869973
0,0.0,21.404343916434346
0,0.0,21.401931130622227
0,0.0,21.400494020434216
0,0.0,21.392891823766476
0,0.0,21.392651923718475
0,0.0,21.389346574997024
0,0.0,21.368905633626138
0,0.0,21.354102515478687
0,0.0,21.347693598656328
0,0.0,21.337619481585804
0,0.0,21.337583403885805
0,0.0,21.337053139085505
0,0.0,21.33315294353062
0,0.0,21.328904967450057
0,0.0,21.32124561968065
0,0.0,21.319331764096482
0,0.0,21.311907906854266
0,0.0,21.311486579493547
0,0.0,21.311447120153396
0,0.0,21.310387370083294
0,0.0,21.289260507968105
0,0.0,21.288296520525495
0,0.0,21.28774106751934
0,0.0,21.285967404545936
0,0.0,21.284233364725626
0,0.0,21.284164938528296
0,0.0,21.282480292947785
0,0.0,21.28224859819583
0,0.0,21.2801515070135
0,0.0,21.26707402256157
0,0.0,21.26051835298169
0,0.0,21.259886814466068
0,0.0,21.257644241301087
0,0.0,21.25710746879838
0,0.0,21.25143226486113
0,0.0,21.241995669986803
0,0.0,21.234191790277904
0,0.0,21.232213813643085
0,0.0,21.22967895334659
0,0.0,21.228172241287297
0,0.0,21.22558786512498
0,0.0,21.21148014969624
0,0.0,21.20984818100533
0,0.0,21.205124377010733
0,0.0,21.20378584749292
0,0.0,21.198656706935395
0,0.0,21.19711015056762
0,0.0,21.1971003737972
0,0.0,21.194347906105413
0,0.0,21.1940834934041
0,0.0,21.19291947776904
0,0.0,21.192725381336878
0,0.0,21.19253953372517
0,0.0,21.189865475098127
0,0.0,21.189821226935162
0,0.0,21.18596715057691
0,0.0,21.183925959201797
0,0.0,21.17897863990459
0,0.0,21.175858106049105
0,0.0,21.174467274480726
0,0.0,21.169650243892388
0,0.0,21.165442020908074
0,0.0,21.161364034305073
0,0.0,21.159066320973185
0,0.0,21.15734957815529
0,0.0,21.146431075597516
0,0.0,21.141675728306243
0,0.0,21.140040100104873
0,0.0,21.138485268910845
0,0.0,21.13713096308141
0,0.0,21.13543013913166
0,0.0,21.127729629478864
0,0.0,21.12621494101083
0,0.0,21.12280080569989
0,0.0,21.116010102870398
0,0.0,21.114319287142983
0,0.0,21.107149516362632
0,0.0,21.104438774854465
0,0.0,21.101152536610766
0,0.0,21.099062824266014
0,0.0,21.081649000380583
0,0.0,21.08035031511539
0,0.0,21.07727923297913
0,0.0,21.077024767700035
0,0.0,21.076387173782187
0,0.0,21.074613379684806
0,0.0,21.06414833450523
0,0.0,21.059015112358722
0,0.0,21.058888240934053
0,0.0,21.051219915533242
0,0.0,21.051098421381667
0,0.0,21.05069337987455
0,0.0,21.048623965997184
0,0.0,21.04581177265782
0,0.0,21.043137901627702
0,0.0,21.039209549292952
0,0.0,21.037896569825527
0,0.0,21.032106745700098
0,0.0,21.028443429044298
0,0.0,21.026652111475414
0,0.0,21.022827302930885
0,0.0,21.020719473658737
0,0.0,21.015949520631676
0,0.0,21.01300697981639
0,0.0,21.00771279982351
0,0.0,21.00762672685557
0,0.0,21.00588809378388
0,0.0,21.003796678214073
0,0.0,21.001229387819592
0,0.0,20.998839453298448
0,0.0,20.997547919797068
0,0.0,20.98907938045757
0,0.0,20.985994868651424
0,0.0,20.983731871767453
0,0.0,20.982859313368465
0,0.0,20.98205912011339
0,0.0,20.967227702400894
0,0.0,20.96695209900827
0,0.0,20.965736968574657
0,0.0,20.961717274757554
0,0.0,20.96131794426049
0,0.0,20.958786501521814
0,0.0,20.955259276507054
0,0.0,20.95149292886479
0,0.0,20.950467384974782
0,0.0,20.945849333238403
0,0.0,20.944171631729205
0,0.0,20.936386736282092
0,0.0,20.92722271889544
0,0.0,20.926861303397104
0,0.0,20.92327133246044
0,0.0,20.92211930952041
0,0.0,20.91820662754497
0,0.0,20.916541303776125
0,0.0,20.91586066123268
0,0.0,20.905925361747595
0,0.0,20.905580777267012
0,0.0,20.89688110905721
0,0.0,20.894973486123416
0,0.0,20.893331879171036
0,0.0,20.881038728651017
0,0.0,20.879369924663088
0,0.0,20.870355114869877
0,0.0,20.870341629442017
0,0.0,20.868510003795933
0,0.0,20.865152044899123
0,0.0,20.862013002035134
0,0.0,20.861738234729824
0,0.0,20.858075795358918
0,0.0,20.854348018972967
0,0.0,20.854272945187336
0,0.0,20.85167932436845
0,0.0,20.84834877746635
0,0.0,20.846442433529443
0,0.0,20.84469860183446
0,0.0,20.841185748783342
0,0.0,20.836879183581516
0,0.0,20.836430656058322
0,0.0,20.82949827505204
0,0.0,20.829184414219192
0,0.0,20.828554370848522
0,0.0,20.827520310999734
0,0.0,20.82431127267229
0,0.0,20.815121267606013
0,0.0,20.807853344026913
0,0.0,20.807381498318485
0,0.0,20.7993480687859
0,0.0,20.79498043001521
0,0.0,20.79165398191803
0,0.0,20.790467660544866
0,0.0,20.78942697479641
0,0.0,20.788453688124225
0,0.0,20.788159428460915
0,0.0,20.787446305304016
0,0.0,20.78655661193486
0,0.0,20.78546420377969
0,0.0,20.78386146996111
0,0.0,20.782451074891323
0,0.0,20.781512263000653
0,0.0,20.780041160196866
0,0.0,20.773260067212703
0,0.0,20.77307284614128
0,0.0,20.76988770194103
0,0.0,20.766489670904704
0,0.0,20.764018514353797
0,0.0,20.763244943126598
0,0.0,20.761249655381267
0,0.0,20.75539504573608
0,0.0,20.755322158795483
0,0.0,20.750155576542536
0,0.0,20.747093502720215
0,0.0,20.740959091592035
0,0.0,20.740163953606103
0,0.0,20.738064336510124
0,0.0,20.73479184777119
0,0.0,20.73287694224585
0,0.0,20.71978104967763
0,0.0,20.719212941153533
0,0.0,20.716766209674365
0,0.0,20.716176542260936
0,0.0,20.71237340978874
0,0.0,20.709461809701562
0,0.0,20.707214713157494
0,0.0,20.702657407336723
0,0.0,20.696850169056518
0,0.0,20.694928173155123
0,0.0,20.694768355662376
0,0.0,20.69093642936594
0,0.0,20.686316000118293
0,0.0,20.683462699303142
0,0.0,20.68106509251463
0,0.0,20.675253252693313
0,0.0,20.673733791363524
0,0.0,20.67220508547468
0,0.0,20.668398448870224
0,0.0,20.665802944194805
0,0.0,20.659520736946956
0,0.0,20.658060205387336
0,0.0,20.657696805481518
0,0.0,20.6478797529488
0,0.0,20.644771357132424
0,0.0,20.642484970046084
0,0.0,20.641518934433147
0,0.0,20.640352910295523
0,0.0,20.63430628509993
0,0.0,20.633696449126536
0,0.0,20.633509212592497
0,0.0,20.624761372715312
0,0.0,20.6226395079156
0,0.0,20.621287197342383
0,0.0,20.617178657396515
0,0.0,20.607676610166276
0,0.0,20.60499192078542
0,0.0,20.598359318101863
0,0.0,20.595043321623955
0,0.0,20.594511689937487
0,0.0,20.59017594245026
0,0.0,20.589259463400882
0,0.0,20.587248848006237
0,0.0,20.585046864870925
0,0.0,20.584132672586293
0,0.0,20.580498544929213
0,0.0,20.57936463742626
0,0.0,20.579176792992953
0,0.0,20.577770911795255
0,0.0,20.5741813045236
0,0.0,20.569285765541302
0,0.0,20.566834960120676
0,0.0,20.564756180062417
0,0.0,20.56378526133884
0,0.0,20.558748778003686
0,0.0,20.558251196619047
0,0.0,20.546826579706828
0,0.0,20.546658781153727
0,0.0,20.544309463183826
0,0.0,20.53607513382338
0,0.0,20.510236036885974
0,0.0,20.509127644373184
0,0.0,20.507849428520604
0,0.0,20.503367810785647
0,0.0,20.502348532314382
0,0.0,20.495935150320285
0,0.0,20.49438183096987
0,0.0,20.49237931218856
0,0.0,20.489181651826474
0,0.0,20.488414469570817
0,0.0,20.48297143615536
0,0.0,20.478712525344744
0,0.0,20.474941839969812
0,0.0,20.46966496023796
0,0.0,20.46795169441133
0,0.0,20.466815911386867
0,0.0,20.465145424545327
0,0.0,20.46180300798711
0,0.0,20.46122066597908
0,0.0,20.458133604675652
0,0.0,20.455137138901136
0,0.0,20.452673090715898
0,0.0,20.44974232475183
0,0.0,20.442745317212584
0,0.0,20.4388515311893
0,0.0,20.432154187656007
0,0.0,20.429248357119253
0,0.0,20.428642485930492
0,0.0,20.428458355477368
0,0.0,20.426956521064866
0,0.0,20.42275363296122
0,0.0,20.422374776388203
0,0.0,20.42011776936582
0,0.0,20.41862939624028
0,0.0,20.415246971587816
0,0.0,20.414750387207654
0,0.0,20.410651080286492
0,0.0,20.409771388359914
0,0.0,20.40958813346139
0,0.0,20.406075420604967
0,0.0,20.406061942490723
0,0.0,20.400038975286762
0,0.0,20.398017567001332
0,0.0,20.394640232519823
0,0.0,20.39130845450248
0,0.0,20.38685351308649
0,0.0,20.38675178786454
0,0.0,20.380309844919584
0,0.0,20.379882218026825
0,0.0,20.37863882576482
0,0.0,20.375852971819548
0,0.0,20.37084500533806
0,0.0,20.367214759141465
0,0.0,20.36489304132042
0,0.0,20.364145310943005
0,0.0,20.36349847148417
0,0.0,20.363154636162378
0,0.0,20.361926418055166
0,0.0,20.360643107398296
0,0.0,20.35743996392111
0,0.0,20.355777603350635
0,0.0,20.343839937389266
0,0.0,20.339479100481476
0,0.0,20.33809747048384
0,0.0,20.337317768383368
0,0.0,20.336087286520204
0,0.0,20.332877632542893
0,0.0,20.33038734194067
0,0.0,20.327474410842886
0,0.0,20.32238780730198
0,0.0,20.318636064949363
0,0.0,20.31508826823278
0,0.0,20.302248741186368
0,0.0,20.297666005672372
0,0.0,20.292684926294843
0,0.0,20.291498674739067
0,0.0,20.29113926366153
0,0.0,20.289830629064436
0,0.0,20.28836752396432
0,0.0,20.282980530301195
0,0.0,20.282699952911045
0,0.0,20.280962750997116
0,0.0,20.279849938532884
0,0.0,20.27784366544252
0,0.0,20.272411949511973
0,0.0,20.26348205114926
0,0.0,20.260352060228634
0,0.0,20.255800087166513
0,0.0,20.253777423094302
0,0.0,20.246526246846262
0,0.0,20.244772312379304
0,0.0,20.242049007720915
0,0.0,20.234003124012094
0,0.0,20.2329039488906
0,0.0,20.228473481966468
0,0.0,20.224936284528827
0,0.0,20.21819425021025
0,0.0,20.2173579279241
0,0.0,20.210084312988368
0,0.0,20.206254717337373
0,0.0,20.20414106707502
0,0.0,20.200314570129446
0,0.0,20.197524266588
0,0.0,20.192119169528468
0,0.0,20.19114359900944
0,0.0,20.1899411297973
0,0.0,20.18698479712099
0,0.0,20.182114194081738
0,0.0,20.181849376906012
0,0.0,20.17931188523933
0,0.0,20.179250389254108
0,0.0,20.157379476969783
0,0.0,20.155825932741568
0,0.0,20.15155969199103
0,0.0,20.14844135360216
0,0.0,20.144393339950923
0,0.0,20.143627105787388
0,0.0,20.136157426131714
0,0.0,20.131572290070235
0,0.0,20.123833614659446
0,0.0,20.119785296463718
0,0.0,20.119440897954103
0,0.0,20.11196276016316
0,0.0,20.111343742824914
0,0.0,20.110371766305303
0,0.0,20.10916496849809
0,0.0,20.102771324924703
0,0.0,20.099508567615413
0,0.0,20.095300309930444
0,0.0,20.08902244776641
0,0.0,20.08646917341794
0,0.0,20.084753461573655
0,0.0,20.08175082875779
0,0.0,20.081110125869248
0,0.0,20.080890538558336
0,0.0,20.061525366622675
0,0.0,20.05290916679905
0,0.0,20.044868908909564
0,0.0,20.04308510958191
0,0.0,20.039309049783427
0,0.0,20.03789457556801
0,0.0,20.032356809207865
0,0.0,20.031078696381318
0,0.0,20.030258055684953
0,0.0,20.02785639875846
0,0.0,20.023805006789388
0,0.0,20.022304070502873
0,0.0,20.020209047281774
0,0.0,20.01744688086658
0,0.0,20.0099860171916
0,0.0,20.00540809257942
0,0.0,20.005176879303953
0,0.0,20.0040259514566
0,0.0,20.003368710631182
0,0.0,19.989437990465618
0,0.0,19.982352831692978
0,0.0,19.980317220520654
0,0.0,19.972663465715875
0,0.0,19.966950500089716
0,0.0,19.95987228890991
0,0.0,19.954958371905125
0,0.0,19.953394913889596
0,0.0,19.950022004282374
0,0.0,19.946800720306193
0,0.0,19.945394232543844
0,0.0,19.945385672945047
0,0.0,19.942993140151298
0,0.0,19.94036244004398
0,0.0,19.940166299425716
0,0.0,19.93848325789025
0,0.0,19.93631839678877
0,0.0,19.933602834611776
0,0.0,19.92886121525519
0,0.0,19.925724557533993
0,0.0,19.925307227194583
0,0.0,19.922616138379734
0,0.0,19.921950102095906
0,0.0,19.92097484194591
0,0.0,19.913551415842413
0,0.0,19.911702384222334
0,0.0,19.911253846750945
0,0.0,19.91119666411345
0,0.0,19.910345108945048
0,0.0,19.909737937969336
0,0.0,19.906511064466375
0,0.0,19.89929626938764
0,0.0,19.891061052519753
0,0.0,19.890457171452756
0,0.0,19.88989218075267
0,0.0,19.88795075594274
0,0.0,19.887842226716973
0,0.0,19.882791746776686
0,0.0,19.872860889713795
0,0.0,19.870428948226554
0,0.0,19.866473826652367
0,0.0,19.86470415489064
0,0.0,19.851409255262208
0,0.0,19.843887378504014
0,0.0,19.839805093675896
0,0.0,19.837440649751795
0,0.0,19.833974497444494
0,0.0,19.829272571652755
0,0.0,19.826351316209724
0,0.0,19.822107982157206
0,0.0,19.816194003430336
0,0.0,19.813655721392266
0,0.0,19.81115505043136
0,0.0,19.806917062729905
0,0.0,19.802499302290414
0,0.0,19.794973826852313
0,0.0,19.79326933786957
0,0.0,19.790017668257065
0,0.0,19.78706204885403
0,0.0,19.78533131788872
0,0.0,19.777706997269895
0,0.0,19.771453497553043
0,0.0,19.762974879351226
0,0.0,19.758565292414293
0,0.0,19.75549460366172
0,0.0,19.75135144358299
0,0.0,19.75029304571655
0,0.0,19.7456624274331
0,0.0,19.741430431715532
0,0.0,19.737751853198244
0,0.0,19.73401349200888
0,0.0,19.730599284627928
0,0.0,19.726591484699245
0,0.0,19.725454630261993
0,0.0,19.72237924090502
0,0.0,19.72025282846035
0,0.0,19.716438551225764
0,0.0,19.714391749990522
0,0.0,19.710599909793046
0,0.0,19.70836852656124
0,0.0,19.699564535817654
0,0.0,19.6994852776067
0,0.0,19.69896922701142
0,0.0,19.69819847199821
0,0.0,19.69184544699764
0,0.0,19.689820393758946
0,0.0,19.689104744299204
0,0.0,19.677691762727836
0,0.0,19.67363879261266
0,0.0,19.67253858440442
0,0.0,19.665359963632717
0,0.0,19.65663193913228
0,0.0,19.656540940232013
0,0.0,19.656107161571082
0,0.0,19.654453628426516
0,0.0,19.649046072173014
0,0.0,19.648304796381513
0,0.0,19.64615618691452
0,0.0,19.644150576341744
0,0.0,19.642696355981858
0,0.0,19.64173293933913
0,0.0,19.634891832363333
0,0.0,19.632171088748613
0,0.0,19.63156145599062
0,0.0,19.62930974040233
0,0.0,19.623180247448268
0,0.0,19.621317041945584
0,0.0,19.62026444282122
0,0.0,19.618242994867966
0,0.0,19.617037333874766
0,0.0,19.607974074910114
0,0.0,19.60758405214146
0,0.0,19.604145311773244
0,0.0,19.601230150570863
0,0.0,19.59703447123601
0,0.0,19.59539933046429
0,0.0,19.594646734203597
0,0.0,19.591303354268025
0,0.0,19.588491346301574
0,0.0,19.585484137036225
0,0.0,19.5836215270276
0,0.0,19.58060593724236
0,0.0,19.579809606594743
0,0.0,19.578644078834962
0,0.0,19.578371793737897
0,0.0,19.57478762818103
0,0.0,19.574402512347625
0,0.0,19.57427954135364
0,0.0,19.57247488675366
0,0.0,19.56594343107935
0,0.0,19.565198186626354
0,0.0,19.56472990174269
0,0.0,19.563599377954876
0,0.0,19.562871021864687
0,0.0,19.562291578239282
0,0.0,19.562073343228363
0,0.0,19.557816759398353
0,0.0,19.554986054142464
0,0.0,19.55092696421315
0,0.0,19.55026236587876
0,0.0,19.54118482989798
0,0.0,19.540569794684142
0,0.0,19.53887664231071
0,0.0,19.527546671849876
0,0.0,19.517880362858662
0,0.0,19.5108070693845
0,0.0,19.50815249689154
0,0.0,19.502639806056376
0,0.0,19.499753715617977
0,0.0,19.49667284345384
0,0.0,19.496622359945626
0,0.0,19.491240335487806
0,0.0,19.489196274686623
0,0.0,19.488935163106103
0,0.0,19.48422171293229
0,0.0,19.484189707120866
0,0.0,19.483577283515643
0,0.0,19.47148651281264
0,0.0,19.470335606490124
0,0.0,19.46908542844237
0,0.0,19.468978823576162
0,0.0,19.467974469119195
0,0.0,19.467617609049512
0,0.0,19.463670726716362
0,0.0,19.463612975328108
0,0.0,19.456893996315063
0,0.0,19.451610523252363
0,0.0,19.45067021429058
0,0.0,19.445108288780332
0,0.0,19.44297063886097
0,0.0,19.43336069347966
0,0.0,19.42881429501302
0,0.0,19.425826814888644
0,0.0,19.425771801907477
0,0.0,19.420321926453703
0,0.0,19.415710392121568
0,0.0,19.414691582494893
0,0.0,19.41378165856039
0,0.0,19.412905345710385
0,0.0,19.411831681601726
0,0.0,19.410814764948952
0,0.0,19.410005172604684
0,0.0,19.406765794090017
0,0.0,19.405037802192137
0,0.0,19.404803553034622
0,0.0,19.401629217645286
0,0.0,19.39836467023418
0,0.0,19.39798330825867
0,0.0,19.391311606793423
0,0.0,19.39085110529305
0,0.0,19.388835653106028
0,0.0,19.387694024352744
0,0.0,19.38725702915567
0,0.0,19.385742189554783
0,0.0,19.384127862408537
0,0.0,19.379196405111752
0,0.0,19.371677759758352
0,0.0,19.37114482823923
0,0.0,19.361031878426346
0,0.0,19.36053911360152
0,0.0,19.353284591645746
0,0.0,19.346675820698582
0,0.0,19.344537969970794
0,0.0,19.337250025733784
0,0.0,19.336413663404603
0,0.0,19.32253397173086
0,0.0,19.311398768315673
0,0.0,19.31037142550483
0,0.0,19.30949071642909
0,0.0,19.30134320054973
0,0.0,19.299702821044416
0,0.0,19.296435313557478
0,0.0,19.29451369973908
0,0.0,19.292023585025525
0,0.0,19.28213068772901
0,0.0,19.272613197789482
0,0.0,19.26999386449216
0,0.0,19.266165952335832
0,0.0,19.263865872163034
0,0.0,19.26339022384894
0,0.0,19.26027269363813
0,0.0,19.255807202507253
0,0.0,19.25488088836767
0,0.0,19.24489318160138
0,0.0,19.239412998090376
0,0.0,19.237697999670754
0,0.0,19.23706533227072
0,0.0,19.224275600666083
0,0.0,19.21931870596629
0,0.0,19.215166410907475
0,0.0,19.206708861343493
0,0.0,19.202815127743914
0,0.0,19.202200841594664
0,0.0,19.201905183107826
0,0.0,19.19618828796805
0,0.0,19.188149484161755
0,0.0,19.186001712933884
0,0.0,19.185099613441846
0,0.0,19.18461777285799
0,0.0,19.183792364164564
0,0.0,19.179722799603404
0,0.0,19.17800397228099
0,0.0,19.17626206049225
0,0.0,19.17606989941214
0,0.0,19.175512817073418
0,0.0,19.17250129539931
0,0.0,19.172206385040045
0,0.0,19.163531206432882
0,0.0,19.155125517628626
0,0.0,19.153720288804738
0,0.0,19.147829479487942
0,0.0,19.142251620365187
0,0.0,19.138897448240797
0,0.0,19.13692306590769
0,0.0,19.13011610078522
0,0.0,19.128843005352383
0,0.0,19.127079441888974
0,0.0,19.125615528449806
0,0.0,19.124515530326697
0,0.0,19.10945060757247
0,0.0,19.106333537228874
0,0.0,19.105481269919956
0,0.0,19.105047684575116
0,0.0,19.10315876253746
0,0.0,19.101157573030484
0,0.0,19.099081283745228
0,0.0,19.09906537828335
0,0.0,19.09370897664412
0,0.0,19.093017978520475
0,0.0,19.091367198609685
0,0.0,19.089965979678283
0,0.0,19.085294457816822
0,0.0,19.084920508739533
0,0.0,19.08475317020294
0,0.0,19.080996545579964
0,0.0,19.077660145327403
0,0.0,19.070282550069376
0,0.0,19.06367568747508
0,0.0,19.038368100378005
0,0.0,19.034650271648854
0,0.0,19.02837130787889
0,0.0,19.028319054674355
0,0.0,19.027317698568606
0,0.0,19.02653017212581
0,0.0,19.016230136426127
0,0.0,19.01278779239375
0,0.0,19.011589628116887
0,0.0,19.01011407794268
0,0.0,19.006760775993598
0,0.0,19.006037933873742
0,0.0,18.995959246607818
0,0.0,18.99435953280854
0,0.0,18.989088294327278
0,0.0,18.98061741334893
0,0.0,18.974237338096643
0,0.0,18.973819279469062
0,0.0,18.973493605536408
0,0.0,18.973388255023742
0,0.0,18.973137427637095
0,0.0,18.961202773713246
0,0.0,18.959600895456845
0,0.0,18.956949006556197
0,0.0,18.9541428149804
0,0.0,18.941293567178647
0,0.0,18.927261042472555
0,0.0,18.92690796621149
0,0.0,18.921624938975686
0,0.0,18.915145217503923
0,0.0,18.912082623201144
0,0.0,18.902588860957206
0,0.0,18.90201105360087
0,0.0,18.89645775521335
0,0.0,18.89622783253739
0,0.0,18.894565974407723
0,0.0,18.88790761711161
0,0.0,18.88725067573139
0,0.0,18.880093551926294
0,0.0,18.87744583775779
0,0.0,18.864608137195262
0,0.0,18.861234661420408
0,0.0,18.859906877407198
0,0.0,18.856349013711792
0,0.0,18.856212833195148
0,0.0,18.852412506957943
0,0.0,18.852126766658632
0,0.0,18.849874772917982
0,0.0,18.84886448562345
0,0.0,18.84748312938623
0,0.0,18.843138182605816
0,0.0,18.83895332775399
0,0.0,18.83497337592062
0,0.0,18.834883730114736
0,0.0,18.83326825622173
0,0.0,18.829783966893018
0,0.0,18.82647559751019
0,0.0,18.823592183973922
0,0.0,18.822683543371276
0,0.0,18.82170451150793
0,0.0,18.820932523752937
0,0.0,18.820544191018932
0,0.0,18.819610622717075
0,0.0,18.812045615349327
0,0.0,18.810032183712465
0,0.0,18.807768507355636
0,0.0,18.80017954469558
0,0.0,18.799043462311666
0,0.0,18.79656488148198
0,0.0,18.792262046283874
0,0.0,18.786299702171128
0,0.0,18.78474961156574
0,0.0,18.778392990878615
0,0.0,18.766508773294607
0,0.0,18.7584868869074
0,0.0,18.75744045629925
0,0.0,18.75517044905577
0,0.0,18.753163496036994
0,0.0,18.748614354043887
0,0.0,18.746786745627134
0,0.0,18.73946707962834
0,0.0,18.729172720962225
0,0.0,18.709286297448415
0,0.0,18.70686365686294
0,0.0,18.70606164643741
0,0.0,18.701421982564646
0,0.0,18.699481130970593
0,0.0,18.696218076524993
0,0.0,18.692681591546503
0,0.0,18.683574533683192
0,0.0,18.683105331835918
0,0.0,18.681364753173096
0,0.0,18.67265992522111
0,0.0,18.669180297998125
0,0.0,18.667507207186688
0,0.0,18.66579542985923
0,0.0,18.66500846349978
0,0.0,18.66442663720969
0,0.0,18.66260170086922
0,0.0,18.65872402848633
0,0.0,18.656230247876113
0,0.0,18.65602688264007
0,0.0,18.64744999768561
0,0.0,18.64484861050866
0,0.0,18.64173571223663
0,0.0,18.64031190025383
0,0.0,18.635366196346578
0,0.0,18.634822647511736
0,0.0,18.63137003275348
0,0.0,18.630157505050107
0,0.0,18.630152997814648
0,0.0,18.629917309348635
0,0.0,18.619646223177224
0,0.0,18.617831288180664
0,0.0,18.613689150300278
0,0.0,18.609700249780495
0,0.0,18.609195133321602
0,0.0,18.60791233336122
0,0.0,18.588166351933445
0,0.0,18.58213967205278
0,0.0,18.581526044548372
0,0.0,18.580910162240418
0,0.0,18.57990215975624
0,0.0,18.57109362783798
0,0.0,18.56221905359575
0,0.0,18.556134827891857
0,0.0,18.555032804000398
0,0.0,18.552560771369944
0,0.0,18.55189592505924
0,0.0,18.528169146893514
0,0.0,18.523611565936264
0,0.0,18.51946569457673
0,0.0,18.518976783297354
0,0.0,18.513154412756403
0,0.0,18.511911077049767
0,0.0,18.50990236214397
0,0.0,18.504112115087455
0,0.0,18.49371627011079
0,0.0,18.484812752479503
0,0.0,18.48064988911729
0,0.0,18.47868481587839
0,0.0,18.476008270790626
0,0.0,18.474265893429152
0,0.0,18.471056958963796
0,0.0,18.470681886842364
0,0.0,18.470338099153004
0,0.0,18.46951056526302
0,0.0,18.46519682374888
0,0.0,18.464184750417346
0,0.0,18.462910380103164
0,0.0,18.46219500200591
0,0.0,18.4607805114364
0,0.0,18.457880553719292
0,0.0,18.454042896481514
0,0.0,18.4478893029439
0,0.0,18.446574924027598
0,0.0,18.446206831126677
0,0.0,18.44527140240453
0,0.0,18.436774160007314
0,0.0,18.42680371090552
0,0.0,18.421980312553554
0,0.0,18.417350396969713
0,0.0,18.416089070504974
0,0.0,18.415336584253865
0,0.0,18.40962154602874
0,0.0,18.403155471490635
0,0.0,18.400953973036394
0,0.0,18.39557400487462
0,0.0,18.391225355176356
0,0.0,18.387746469320753
0,0.0,18.382734980698668
0,0.0,18.381318419655102
0,0.0,18.370890306890715
0,0.0,18.36435407754526
0,0.0,18.363431109847827
0,0.0,18.358254315630933
0,0.0,18.35523521041685
0,0.0,18.35504613774117
0,0.0,18.354235465193227
0,0.0,18.354145120397266
0,0.0,18.352885292527876
0,0.0,18.34418755336815
0,0.0,18.34218383578554
0,0.0,18.3357414159273
0,0.0,18.33557405900404
0,0.0,18.331837144613093
0,0.0,18.325972813008825
0,0.0,18.324124761102865
0,0.0,18.321193799628702
0,0.0,18.316967595433276
0,0.0,18.312023945578424
0,0.0,18.311086038316823
0,0.0,18.310777197423796
0,0.0,18.30644711048282
0,0.0,18.29842270176028
0,0.0,18.297842502657737
0,0.0,18.294146217148064
0,0.0,18.29028795091885
0,0.0,18.287843408895625
0,0.0,18.285855361506716
0,0.0,18.282498815251667
0,0.0,18.27999331255731
0,0.0,18.277354374327594
0,0.0,18.27714438225519
0,0.0,18.253744787217254
0,0.0,18.23785265969846
0,0.0,18.234975839631062
0,0.0,18.22499429535407
0,0.0,18.221057576838973
0,0.0,18.21993199956586
0,0.0,18.218444659468478
0,0.0,18.20956704734837
0,0.0,18.20832134760115
0,0.0,18.207172999470494
0,0.0,18.205559672643606
0,0.0,18.189546572841728
0,0.0,18.175009035763978
0,0.0,18.174166094521777
0,0.0,18.168119905213448
0,0.0,18.16786593066507
0,0.0,18.163097168527685
0,0.0,18.15983632758722
0,0.0,18.157293943080937
0,0.0,18.157106426257297
0,0.0,18.153312166513953
0,0.0,18.147358673648316
0,0.0,18.139577372292717
0,0.0,18.129338731986408
0,0.0,18.118886514071175
0,0.0,18.107667250622455
0,0.0,18.104568436106828
0,0.0,18.10248371098704
0,0.0,18.10103797294712
0,0.0,18.09954091414402
0,0.0,18.098679954503634
0,0.0,18.098515301824083
0,0.0,18.0923177202004
0,0.0,18.08548436349799
0,0.0,18.076524112109745
0,0.0,18.07543557309643
0,0.0,18.074047638570452
0,0.0,18.0708407650561
0,0.0,18.067781476682505
0,0.0,18.062603645318
0,0.0,18.06054531174166
0,0.0,18.051156493117425
0,0.0,18.049814854456706
0,0.0,18.045081764412995
0,0.0,18.042676673222147
0,0.0,18.040142912365827
0,0.0,18.03619043451857
0,0.0,18.036093293859366
0,0.0,18.03462997030826
0,0.0,18.032757982713804
0,0.0,18.031765049335455
0,0.0,18.01974425526611
0,0.0,18.017321081224686
0,0.0,18.015926568865908
0,0.0,18.013894765487425
0,0.0,18.01110822361164
0,0.0,18.011097231857683
0,0.0,18.00771714712142
0,0.0,18.0060930392724
0,0.0,18.00349225565199
0,0.0,18.002460221919463
0,0.0,17.996274684512734
0,0.0,17.994383868842796
0,0.0,17.986056965248675
0,0.0,17.985694744534843
0,0.0,17.984166034644687
0,0.0,17.981959025532078
0,0.0,17.978420225686445
0,0.0,17.97450802555198
0,0.0,17.96788250039421
0,0.0,17.967391891042517
0,0.0,17.966773517439027
0,0.0,17.953548339351723
0,0.0,17.951645926210524
0,0.0,17.94292873064287
0,0.0,17.93607255226958
0,0.0,17.934474434682755
0,0.0,17.93078504565141
0,0.0,17.923910607081755
0,0.0,17.91911213759596
0,0.0,17.918762446635053
0,0.0,17.912700427276732
0,0.0,17.912192027932075
0,0.0,17.91150286404951
0,0.0,17.899435286285755
0,0.0,17.89666451560243
0,0.0,17.888923318765475
0,0.0,17.886180188048506
0,0.0,17.882073618590866
0,0.0,17.879200192710837
0,0.0,17.878685356039323
0,0.0,17.865097029555695
0,0.0,17.854099997839633
0,0.0,17.85372583747008
0,0.0,17.845600103026296
0,0.0,17.84073482960675
0,0.0,17.838980140697764
0,0.0,17.832578979589005
0,0.0,17.818415857413875
0,0.0,17.81445642322896
0,0.0,17.812150304206934
0,0.0,17.81208865752668
0,0.0,17.81121016963475
0,0.0,17.801836895720577
0,0.0,17.799163211862595
0,0.0,17.79850363011322
0,0.0,17.797501239637416
0,0.0,17.794907666044796
0,0.0,17.78893487440285
0,0.0,17.787553258865742
0,0.0,17.780277551198033
0,0.0,17.776670510988197
0,0.0,17.77499939921684
0,0.0,17.771909066551128
0,0.0,17.761233295604832
0,0.0,17.752832333762356
0,0.0,17.751139132962685
0,0.0,17.748979050426758
0,0.0,17.74689909968478
0,0.0,17.73836495764991
0,0.0,17.737592137635623
0,0.0,17.732805808201167
0,0.0,17.7271151481658
0,0.0,17.724071963735977
0,0.0,17.722201634421186
0,0.0,17.715646232501864
0,0.0,17.71074084424593
0,0.0,17.709914264486198
0,0.0,17.70888649320413
0,0.0,17.705987556330058
0,0.0,17.704101749806505
0,0.0,17.69863224039776
0,0.0,17.69039278504058
0,0.0,17.69009964090308
0,0.0,17.680808149587953
0,0.0,17.675056655667408
0,0.0,17.67283087699096
0,0.0,17.666694556503792
0,0.0,17.666685660885417
0,0.0,17.661899921741767
0,0.0,17.644650833793452
0,0.0,17.64088009907417
0,0.0,17.629167233738855
0,0.0,17.628461376570513
0,0.0,17.628240582138123
0,0.0,17.616831073563215
0,0.0,17.603693263635158
0,0.0,17.603647449082988
0,0.0,17.593892065772366
0,0.0,17.589289490328973
0,0.0,17.57947432191973
0,0.0,17.57750731439725
0,0.0,17.570861336882626
0,0.0,17.564468807362474
0,0.0,17.55623956922158
0,0.0,17.55381633964652
0,0.0,17.545592104590963
0,0.0,17.54198375134215
0,0.0,17.54013351219883
0,0.0,17.539775245825332
0,0.0,17.53727363842072
0,0.0,17.53420003181588
0,0.0,17.52621308767748
0,0.0,17.520846546566997
0,0.0,17.519855245807584
0,0.0,17.515691536240094
0,0.0,17.51441113432192
0,0.0,17.512951983146497
0,0.0,17.512527158651586
0,0.0,17.511616312925177
0,0.0,17.50852434013949
0,0.0,17.506696559738153
0,0.0,17.501667937403568
0,0.0,17.495745022629475
0,0.0,17.49360728394575
0,0.0,17.487607530120723
0,0.0,17.484265125139824
0,0.0,17.481084670376404
0,0.0,17.478652496321015
0,0.0,17.477425887544545
0,0.0,17.477157325725553
0,0.0,17.474225242536658
0,0.0,17.47141796032587
0,0.0,17.46484289330439
0,0.0,17.464839151670834
0,0.0,17.46449059527058
0,0.0,17.453015554749534
0,0.0,17.44939973488105
0,0.0,17.448808767604053
0,0.0,17.44770986925156
0,0.0,17.442797032208418
0,0.0,17.441923169042187
0,0.0,17.4382246350614
0,0.0,17.43010749398424
0,0.0,17.42761801369668
0,0.0,17.42682919290044
0,0.0,17.41491601973581
0,0.0,17.40814066559123
0,0.0,17.406232240368926
0,0.0,17.40502548426372
0,0.0,17.397126534248958
0,0.0,17.393988084969898
0,0.0,17.39160278002906
0,0.0,17.386703288017376
0,0.0,17.385049510159288
0,0.0,17.380025976230083
0,0.0,17.36752006652241
0,0.0,17.367332057089172
0,0.0,17.366355618636565
0,0.0,17.36165710798079
0,0.0,17.35954673792339
0,0.0,17.359258817905225
0,0.0,17.356647444632582
0,0.0,17.34751255993047
0,0.0,17.34615401188447
0,0.0,17.343425153828576
0,0.0,17.343189365000992
0,0.0,17.33696172156264
0,0.0,17.33044259652721
0,0.0,17.320345948686793
0,0.0,17.31838035232542
0,0.0,17.306841251371583
0,0.0,17.300618974869348
0,0.0,17.296834594514117
0,0.0,17.292771863731325
0,0.0,17.2784004068892
0,0.0,17.274783112932035
0,0.0,17.272709552255098
0,0.0,17.256381935592657
0,0.0,17.253121732296016
0,0.0,17.252615002098043
0,0.0,17.248807713126116
0,0.0,17.247040269274574
0,0.0,17.240794015084518
0,0.0,17.238653074958208
0,0.0,17.231868194858833
0,0.0,17.23000556523765
0,0.0,17.22581826784433
0,0.0,17.197884168084332
0,0.0,17.19748027099633
0,0.0,17.194286033749023
0,0.0,17.18736275914736
0,0.0,17.185600246717797
0,0.0,17.18073224493052
0,0.0,17.17594789421054
0,0.0,17.17357530862027
0,0.0,17.16867701290222
0,0.0,17.16427523198188
0,0.0,17.15749660324593
0,0.0,17.156711654597494
0,0.0,17.155080984654504
0,0.0,17.152508604414916
0,0.0,17.152454531499068
0,0.0,17.151521579433428
0,0.0,17.148183908921705
0,0.0,17.145048469020715
0,0.0,17.144111479861383
0,0.0,17.143340779734675
0,0.0,17.128381888258783
0,0.0,17.12607416440478
0,0.0,17.125606655892394
0,0.0,17.123172021130515
0,0.0,17.119620741476112
0,0.0,17.117512794662947
0,0.0,17.11441963045384
0,0.0,17.11271546833381
0,0.0,17.10588277655086
0,0.0,17.105605394263357
0,0.0,17.095704049416693
0,0.0,17.094178161071426
0,0.0,17.091498061264833
0,0.0,17.07856106560863
0,0.0,17.076951782410756
0,0.0,17.067751319956336
0,0.0,17.06240179223982
0,0.0,17.05251884731108
0,0.0,17.047010139044698
0,0.0,17.0431121569245
0,0.0,17.035045542067564
0,0.0,17.031485044981945
0,0.0,17.03062737985544
0,0.0,17.019807068545877
0,0.0,17.018422600948323
0,0.0,17.01600153530668
0,0.0,17.01444822728369
0,0.0,17.011249804349937
0,0.0,16.99942471025923
0,0.0,16.999296126313492
0,0.0,16.996257338426943
0,0.0,16.993383966812726
0,0.0,16.993115821443926
0,0.0,16.989994198270804
0,0.0,16.98871101357666
0,0.0,16.98783456239948
0,0.0,16.98538558726509
0,0.0,16.97453915025348
0,0.0,16.973589893197914
0,0.0,16.967284527813046
0,0.0,16.957977846634737
0,0.0,16.957159747493876
0,0.0,16.955723541875205
0,0.0,16.947218637371133
0,0.0,16.928261568229498
0,0.0,16.91712415332593
0,0.0,16.914043034544125
0,0.0,16.91269061476326
0,0.0,16.90793051486746
0,0.0,16.90790572777214
0,0.0,16.90583368490488
0,0.0,16.900470932797848
0,0.0,16.8959952371013
0,0.0,16.8889724021278
0,0.0,16.888465614927913
0,0.0,16.8881925237498
0,0.0,16.881813844142574
0,0.0,16.878200566301643
0,0.0,16.877193602228576
0,0.0,16.875332578310996
0,0.0,16.86047656807014
0,0.0,16.850020735817722
0,0.0,16.849203886763238
0,0.0,16.84733861183378
0,0.0,16.83358498343567
0,0.0,16.822576926744368
0,0.0,16.82165201359209
0,0.0,16.8169116117395
0,0.0,16.810702810941063
0,0.0,16.806618098626355
0,0.0,16.801570436463713
0,0.0,16.79121910026828
0,0.0,16.79037479084771
0,0.0,16.790344607089125
0,0.0,16.787938439843767
0,0.0,16.787469803493654
0,0.0,16.77613246037177
0,0.0,16.766678477358557
0,0.0,16.76483729786681
0,0.0,16.700579787847214
0,0.0,16.693949517968264
0,0.0,16.689856170841768
0,0.0,16.68684885697759
0,0.0,16.68104739674528
0,0.0,16.67977039132883
0,0.0,16.669350485468435
0,0.0,16.663333684663517
0,0.0,16.657720754521215
0,0.0,16.652598150705288
0,0.0,16.64640547495611
0,0.0,16.641926143051283
0,0.0,16.640201720412797
0,0.0,16.63791339234271
0,0.0,16.623031305326432
0,0.0,16.62302604729599
0,0.0,16.620817516919512
0,0.0,16.611870970900608
0,0.0,16.60806548411964
0,0.0,16.59754916896219
0,0.0,16.59235703512536
0,0.0,16.57992497813218
0,0.0,16.57981162836717
0,0.0,16.57883462902249
0,0.0,16.574407203207116
0,0.0,16.56381709390578
0,0.0,16.555013633576788
0,0.0,16.5547780292464
0,0.0,16.53359165311352
0,0.0,16.52854467007276
0,0.0,16.51899621010748
0,0.0,16.511281743407665
0,0.0,16.507048990945414
0,0.0,16.505796835508846
0,0.0,16.504774229138462
0,0.0,16.502511811968066
0,0.0,16.501859046961098
0,0.0,16.487889765155238
0,0.0,16.486102129687453
0,0.0,16.473644383689123
0,0.0,16.473140501373493
0,0.0,16.465564273863496
0,0.0,16.45866328940016
0,0.0,16.455378916673787
0,0.0,16.451759174373727
0,0.0,16.446069374397947
0,0.0,16.44476212961931
0,0.0,16.441591529334904
0,0.0,16.431999377203105
0,0.0,16.416823016748236
0,0.0,16.41270186725303
0,0.0,16.40356157282401
0,0.0,16.387596905529588
0,0.0,16.3813756700976
0,0.0,16.377611935407298
0,0.0,16.35856353896779
0,0.0,16.35829236048926
0,0.0,16.34173132281438
0,0.0,16.339646686006876
0,0.0,16.327822577360116
0,0.0,16.32382314243447
0,0.0,16.32292338234011
0,0.0,16.301307303456248
0,0.0,16.28433193803664
0,0.0,16.26539030125184
0,0.0,16.253723720535483
0,0.0,16.249972510829334
0,0.0,16.24134691617844
0,0.0,16.231212079616544
0,0.0,16.22105246885187
0,0.0,16.220350196998513
0,0.0,16.217195478382077
0,0.0,16.21587495019954
0,0.0,16.210190373770498
0,0.0,16.196190311354187
0,0.0,16.191645067649485
0,0.0,16.189051174172988
0,0.0,16.173369481069976
0,0.0,16.16746867755398
0,0.0,16.147588478558152
0,0.0,16.14445046780065
0,0.0,16.139983987205973
0,0.0,16.116297074492007
0,0.0,16.115713710448045
0,0.0,16.113862640272263
0,0.0,16.113609071082088
0,0.0,16.112806933354463
0,0.0,16.11237380468674
0,0.0,16.110722724682326
0,0.0,16.106148692561163
0,0.0,16.087966782758606
0,0.0,16.08525825682085
0,0.0,16.07379986255034
0,0.0,16.065218252887007
0,0.0,16.064588031470187
0,0.0,16.061496726191514
0,0.0,16.045185034513512
0,0.0,16.03848884100479
0,0.0,16.03838727371849
0,0.0,16.019924414061165
0,0.0,16.017787226389
0,0.0,16.015995225754946
0,0.0,16.015917283970918
0,0.0,16.008793452687474
0,0.0,16.00610010377547
0,0.0,16.005456096492566
0,0.0,15.990519836251684
0,0.0,15.986722247604474
0,0.0,15.982946624615842
0,0.0,15.980270645946591
0,0.0,15.975710178811664
0,0.0,15.97164426371237
0,0.0,15.969132636288883
0,0.0,15.938993225939125
0,0.0,15.934300327103507
0,0.0,15.928053832796795
0,0.0,15.9263955686329
0,0.0,15.91963936393292
0,0.0,15.916090216804566
0,0.0,15.912714377487793
0,0.0,15.911654689446777
0,0.0,15.901479654312839
0,0.0,15.90052531779931
0,0.0,15.899896840774751
0,0.0,15.897301140959485
0,0.0,15.8964085375761
0,0.0,15.884182212475062
0,0.0,15.880716525243873
0,0.0,15.873748130407245
0,0.0,15.871385441188801
0,0.0,15.864647254936347
0,0.0,15.859785527963178
0,0.0,15.851396685261538
0,0.0,15.801080704163455
0,0.0,15.800824985206381
0,0.0,15.797507349172063
0,0.0,15.787489800731825
0,0.0,15.785972497910574
0,0.0,15.78355251948301
0,0.0,15.783076881828867
0,0.0,15.782783748799448
0,0.0,15.78147799862077
0,0.0,15.781454198200134
0,0.0,15.773261724408044
0,0.0,15.762453770847667
0,0.0,15.756113965727183
0,0.0,15.73855607143919
0,0.0,15.73800973943754
0,0.0,15.733396041960992
0,0.0,15.72830801091764
0,0.0,15.713666996578452
0,0.0,15.705811301337185
0,0.0,15.67562906783625
0,0.0,15.66949406078943
0,0.0,15.668902195435102
0,0.0,15.668331399569606
0,0.0,15.66595571825096
0,0.0,15.656613000637785
0,0.0,15.627403141119894
0,0.0,15.626189035259582
0,0.0,15.596352592065406
0,0.0,15.593169782332529
0,0.0,15.593058078209685
0,0.0,15.589605833216131
0,0.0,15.582311270127652
0,0.0,15.581752264320707
0,0.0,15.581093679179752
0,0.0,15.578916107294676
0,0.0,15.570145396962726
0,0.0,15.557188264132217
0,0.0,15.554319588104496
0,0.0,15.537779575220782
0,0.0,15.530241919529034
0,0.0,15.523829467876977
0,0.0,15.515910008227426
0,0.0,15.514404486239693
0,0.0,15.512195464956804
0,0.0,15.503950127561232
0,0.0,15.490975474906914
0,0.0,15.488513251673018
0,0.0,15.469222618292754
0,0.0,15.46852930582237
0,0.0,15.456648957990126
0,0.0,15.425299145103043
0,0.0,15.40830234219714
0,0.0,15.401672326587548
0,0.0,15.401571575163283
0,0.0,15.376823757550444
0,0.0,15.362802265167229
0,0.0,15.35726892897656
0,0.0,15.347285837469357
0,0.0,15.343462335524485
0,0.0,15.342899409065824
0,0.0,15.3342524419897
0,0.0,15.328852178491132
0,0.0,15.308122085870455
0,0.0,15.299973283282238
0,0.0,15.297122152650271
0,0.0,15.29351327898949
0,0.0,15.284445322652422
0,0.0,15.2721911048185
0,0.0,15.256827087039545
0,0.0,15.239453331311013
0,0.0,15.225544752832507
0,0.0,15.221723092608942
0,0.0,15.216688170914901
0,0.0,15.214505091104433
0,0.0,15.214300291847511
0,0.0,15.213671325258192
0,0.0,15.199879075730438
0,0.0,15.197868724154734
0,0.0,15.190934530146901
0,0.0,15.189616830176979
0,0.0,15.187673009823454
0,0.0,15.183874286195698
0,0.0,15.180904114991433
0,0.0,15.178002381859406
0,0.0,15.163511211963597
0,0.0,15.15425069354722
0,0.0,15.143821350850315
0,0.0,15.137577890462806
0,0.0,15.135180117250059
0,0.0,15.134470586837306
0,0.0,15.133757256467328
0,0.0,15.128357551029659
0,0.0,15.119171361192183
0,0.0,15.11843365455566
0,0.0,15.117411626152236
0,0.0,15.11644680775335
0,0.0,15.083499706003794
0,0.0,15.081158964275158
0,0.0,15.075698123956084
0,0.0,15.073661690625805
0,0.0,15.072629306825403
0,0.0,15.053039772540465
0,0.0,15.052768309549263
0,0.0,15.017297371565599
0,0.0,15.014695499784986
0,0.0,15.0120532965787
0,0.0,15.003816364010659
0,0.0,14.991829590107358
0,0.0,14.985084477463555
0,0.0,14.981635532956743
0,0.0,14.969091933550255
0,0.0,14.968978989562382
0,0.0,14.94862221712125
0,0.0,14.945855830816454
0,0.0,14.940574366078836
0,0.0,14.938567088581697
0,0.0,14.937422358368497
0,0.0,14.924891933624904
0,0.0,14.920219411103531
0,0.0,14.91690790414998
0,0.0,14.905795901911738
0,0.0,14.900872621883384
0,0.0,14.88893321889048
0,0.0,14.863593071296188
0,0.0,14.860692380279842
0,0.0,14.8577423304382
0,0.0,14.855671761701808
0,0.0,14.828567851559098
0,0.0,14.824717698160796
0,0.0,14.814520348231728
0,0.0,14.800119288815882
0,0.0,14.793710157162993
0,0.0,14.776077141245564
0,0.0,14.763156657369482
0,0.0,14.748327944062314
0,0.0,14.74613120923231
0,0.0,14.722218994741162
0,0.0,14.720565556890428
0,0.0,14.708119860090953
0,0.0,14.707920180862741
0,0.0,14.707706669473467
0,0.0,14.698358167001292
0,0.0,14.689571801171823
0,0.0,14.687582330319064
0,0.0,14.677434333256414
0,0.0,14.676653362571054
0,0.0,14.651050537017086
0,0.0,14.644655484838031
0,0.0,14.640292310526725
0,0.0,14.63877473834953
0,0.0,14.637356206906647
0,0.0,14.635690100615207
0,0.0,14.633904416129164
0,0.0,14.631111802135901
0,0.0,14.621881295141613
0,0.0,14.614664765601372
0,0.0,14.605205811024831
0,0.0,14.598426807532514
0,0.0,14.593643707008734
0,0.0,14.574333041036919
0,0.0,14.560493090389274
0,0.0,14.549697153659485
0,0.0,14.54885888659776
0,0.0,14.533156004742397
0,0.0,14.524295430661306
0,0.0,14.507095758917087
0,0.0,14.49840234173496
0,0.0,14.492230906230445
0,0.0,14.492208827241923
0,0.0,14.484088319229707
0,0.0,14.479707080800145
0,0.0,14.47906916729522
0,0.0,14.442968181852022
0,0.0,14.439295228166017
0,0.0,14.438511171527388
0,0.0,14.433175464115333
0,0.0,14.425086654852553
0,0.0,14.415726222157172
0,0.0,14.405032893545421
0,0.0,14.392698366676093
0,0.0,14.323449404849672
0,0.0,14.321405450918066
0,0.0,14.318672881052633
0,0.0,14.318264905813528
0,0.0,14.308966495293683
0,0.0,14.303303029849443
0,0.0,14.296314939804835
0,0.0,14.289747503302557
0,0.0,14.281075574963294
0,0.0,14.263561649292532
0,0.0,14.245042527231604
0,0.0,14.243240312342982
0,0.0,14.199282619550111
0,0.0,14.18420110354162
0,0.0,14.178522799186679
0,0.0,14.128723867399588
0,0.0,14.122640940313598
0,0.0,14.120516799695963
0,0.0,14.08352913717186
0,0.0,14.05142484627592
0,0.0,14.048439866908769
0,0.0,14.029991185924223
0,0.0,14.026282313855724
0,0.0,14.02275462072127
0,0.0,14.002712325305328
0,0.0,13.978070584492887
0,0.0,13.956508555211203
0,0.0,13.951555044524895
0,0.0,13.949826596626886
0,0.0,13.945661885657694
0,0.0,13.936535519215616
0,0.0,13.893287251736153
0,0.0,13.892675988358462
0,0.0,13.85709402212635
0,0.0,13.843923853115838
0,0.0,13.8297628274694
0,0.0,13.821097508246982
0,0.0,13.814348169375453
0,0.0,13.782720553147177
0,0.0,13.758159494616791
0,0.0,13.75655081226235
0,0.0,13.743988306871827
0,0.0,13.718020133978778
0,0.0,13.704213217207647
0,0.0,13.69638558168929
0,0.0,13.689778059786326
0,0.0,13.687982052227126
0,0.0,13.685676054331166
0,0.0,13.68384444701008
0,0.0,13.672352245267518
0,0.0,13.66978085963404
0,0.0,13.635575271007532
0,0.0,13.634724604333936
0,0.0,13.63056424971306
0,0.0,13.620491498288633
0,0.0,13.620110643469285
0,0.0,13.57717256875728
0,0.0,13.57343290104654
0,0.0,13.55990914201083
0,0.0,13.539042122551686
0,0.0,13.523931892820109
0,0.0,13.506475018963972
0,0.0,13.502914991879774
0,0.0,13.468332394576766
0,0.0,13.409437916233154
0,0.0,13.403576884971162
0,0.0,13.379933059719207
0,0.0,13.370795255627414
0,0.0,13.36332904537329
0,0.0,13.355098626842135
0,0.0,13.347951741614041
0,0.0,13.339522471169659
0,0.0,13.3310646696631
0,0.0,13.329209043996832
0,0.0,13.293678846485317
0,0.0,13.283959437489349
0,0.0,13.27927235499192
0,0.0,13.243271473536128
0,0.0,13.223923210604603
0,0.0,13.217208399143432
0,0.0,13.18959948595639
0,0.0,13.175316893527695
0,0.0,13.14482544888424
0,0.0,13.135146386129843
0,0.0,13.118830923301623
0,0.0,13.112776407837046
0,0.0,13.103225995725476
0,0.0,13.080421998665257
0,0.0,13.065385513416715
0,0.0,13.012502781245473
0,0.0,12.984450484149349
0,0.0,12.982696736800388
0,0.0,12.96579470916388
0,0.0,12.958672850102591
0,0.0,12.881079275907608
0,0.0,12.840973335389164
0,0.0,12.765243066640217
0,0.0,12.76000265515639
0,0.0,12.753485636951211
0,0.0,12.695661853040074
0,0.0,12.605718336256155
0,0.0,12.580514851039846
0,0.0,12.573657550976057
0,0.0,12.565994344985256
0,0.0,12.50812882511444
0,0.0,12.503707614913605
0,0.0,12.50149999930495
0,0.0,12.49698848089916
0,0.0,12.482494609048294
0,0.0,12.39309489005269
0,0.0,12.362070884538705
0,0.0,12.335637848304184
0,0.0,12.33519150363805
0,0.0,12.263089591645194
0,0.0,12.254867224556286
0,0.0,12.176007318111203
0,0.0,12.139509733924262
0,0.0,12.138057407981744
0,0.0,12.1080911954014
0,0.0,12.072716437609042
0,0.0,11.963678458000826
0,0.0,11.958090592708638
0,0.0,11.905686036512312
0,0.0,11.898114191103856
0,0.0,11.891620139888376
0,0.0,11.879207344826307
0,0.0,11.860347337303283
0,0.0,11.854937035548113
0,0.0,11.854177279119222
0,0.0,11.844054521451936
0,0.0,11.745874742915047
0,0.0,11.6018012292238
0,0.0,11.601082361916571
0,0.0,11.563021044158788
0,0.0,11.508762914019753
0,0.0,11.381965309586315
0,0.0,11.3775467627503
0,0.0,11.192741312892174
0,0.0,11.185041295220525
0,0.0,11.176257408764167
0,0.0,11.08580472876837
0,0.0,11.045235880804109
0,0.0,11.026778797442255
0,0.0,10.761860186335738
0,0.0,10.658673679228993
0,0.0,10.62406172884475
0,0.0,10.565060259853482
0,0.0,10.529072530929675
0,0.0,10.489771825804002
0,0.0,10.486391009272413
0,0.0,10.418431701819836
0,0.0,10.389977108412241
0,0.0,9.972581196000808
0,0.0,9.972411214360836
0,0.0,9.922049365019571
0,0.0,9.844514425738014
0,0.0,9.833776003839283
0,0.0,9.815822223670349
0,0.0,9.127277902744147
0,0.0,9.087073244627614
0,0.0,8.47141819127943
