dimension,birth,death
0,0.0,inf
0,0.0,442.48329973311127
0,0.0,378.63663910537593
0,0.0,354.49178156357294
0,0.0,351.6856783533645
0,0.0,285.11724904825064
0,0.0,175.92801551564534
0,0.0,157.3398037570265
0,0.0,155.22142664337497
0,0.0,68.92560939473874
0,0.0,59.51924776113609
0,0.0,43.383454267488474
0,0.0,33.63968082902521
0,0.0,33.57066871266513
0,0.0,24.595649256004133
0,0.0,18.767517879825466
0,0.0,18.187592756800726
0,0.0,18.090811457312654
0,0.0,13.312186529580067
