dimension,birth,death
1,633.3052441841226,679.4465825132988
0,0.0,inf
0,0.0,530.1721953094179
0,0.0,509.4265564898188
0,0.0,403.60396858461274
0,0.0,348.8087581839763
0,0.0,222.41231325505612
0,0.0,157.87072324656953
0,0.0,28.684444103168115
0,0.0,22.116681706663663
