dimension,birth,death
0,0.0,inf
0,0.0,593.6751133410239
0,0.0,417.4488485380583
0,0.0,377.70950146461405
0,0.0,329.2926556633341
0,0.0,314.5262131241768
0,0.0,302.8345106359975
0,0.0,267.16604606796574
0,0.0,204.4653203362793
0,0.0,184.6782653347822
0,0.0,168.49178637410932
0,0.0,119.12416790107653
0,0.0,95.60988634456535
0,0.0,71.39886704539286
0,0.0,31.101773728668714
0,0.0,30.337645758315425
0,0.0,22.6627919419669
