dimension,birth,death
0,0.0,inf
0,0.0,555.8292963421729
0,0.0,551.2076325402945
0,0.0,514.768497160779
0,0.0,496.40049051687095
0,0.0,484.008231572482
0,0.0,397.1528702915375
0,0.0,317.02694874806673
0,0.0,87.8153703953062
0,0.0,48.808954877926354
0,0.0,37.9690695533651
0,0.0,28.426476256900706
0,0.0,17.346882766274653
0,0.0,16.699603758686077
