dimension,birth,death
0,0.0,inf
0,0.0,277.2351179218375
0,0.0,56.84905498585362
