dimension,birth,death
1,838.6387963620831,862.4114746044485
0,0.0,inf
0,0.0,769.4945905225641
0,0.0,598.3474801222462
0,0.0,389.229131195114
0,0.0,375.62093933215976
0,0.0,205.164277660103
0,0.0,158.44215507170492
0,0.0,129.98790989116586
0,0.0,70.96870532228525
0,0.0,50.67837410368048
0,0.0,49.67242035546239
0,0.0,42.186474920656906
0,0.0,34.91759545181184
0,0.0,33.42692001136615
0,0.0,22.584412408408692
0,0.0,21.35262530004671
0,0.0,18.941977941158598
