dimension,birth,death
0,0.0,inf
0,0.0,879.276644329334
0,0.0,392.6046453359915
0,0.0,335.0515765223036
0,0.0,328.07135425204956
0,0.0,20.799059835454955
