dimension,birth,death
0,0.0,inf
0,0.0,403.85083854523225
0,0.0,292.7979345513518
0,0.0,272.0600754850395
0,0.0,208.54422604501278
0,0.0,158.59081386258006
0,0.0,115.25861988830869
0,0.0,79.9928101513781
0,0.0,72.75480672258847
0,0.0,56.073165454499
0,0.0,43.18613379670178
0,0.0,26.657548555940924
0,0.0,14.335239012020494
0,0.0,14.182243459050557
0,0.0,12.67931410335035
0,0.0,11.486496472528227
