dimension,birth,death
1,621.0909784011785,621.173981044635
0,0.0,inf
0,0.0,575.7391063994552
0,0.0,554.3494176651707
0,0.0,345.79269403664455
0,0.0,339.19485273197
0,0.0,309.43278264864875
0,0.0,240.99227862800242
0,0.0,173.59008918045495
0,0.0,122.81018447680317
0,0.0,28.114542227690016
0,0.0,23.018197057203675
0,0.0,19.515470899671968
0,0.0,16.113746037822576
0,0.0,13.559408131239467
