dimension,birth,death
0,0.0,inf
0,0.0,832.7558965519086
0,0.0,489.92486370658804
0,0.0,199.6873630587324
0,0.0,18.532675818014052
