dimension,birth,death
1,382.765480064037,386.01083518104764
0,0.0,inf
0,0.0,433.09752256279717
0,0.0,429.7565000594627
0,0.0,271.7798990234769
0,0.0,242.52368244555842
0,0.0,233.78320583656074
0,0.0,199.94938073182357
0,0.0,145.72274631529524
0,0.0,132.61626719055803
0,0.0,119.14466263277872
0,0.0,86.26297483123226
0,0.0,42.23000582829856
0,0.0,18.13691951150911
