dimension,birth,death
0,0.0,inf
0,0.0,890.9370203793387
0,0.0,546.4609964033032
0,0.0,403.3323003025721
0,0.0,186.07747755440897
0,0.0,122.50624439797575
0,0.0,109.30427610767019
0,0.0,86.04714081643611
0,0.0,83.40767707932018
0,0.0,49.242582306229664
0,0.0,45.50616033133171
0,0.0,45.20447863025371
0,0.0,41.502204682977606
0,0.0,35.98436141653834
0,0.0,25.860165767132056
0,0.0,22.972890564608637
