dimension,birth,death
0,0.0,inf
0,0.0,753.984773394744
0,0.0,473.58180590738175
0,0.0,322.2696936177215
0,0.0,260.23349338593624
0,0.0,127.56352237745025
0,0.0,51.42679539189962
0,0.0,22.361314543443786
0,0.0,21.398141358485336
0,0.0,18.616709780682697
0,0.0,18.53124364228116
0,0.0,15.177610344616342
