dimension,birth,death
0,0.0,inf
0,0.0,715.3950235608228
0,0.0,373.0142585864355
0,0.0,297.61016688834474
0,0.0,144.78730546187782
0,0.0,107.68407978782517
0,0.0,18.814127518214466
