dimension,birth,death
1,32.94246169189205,34.226416808547526
0,0.0,inf
0,0.0,708.0612661447186
0,0.0,36.240504360273185
0,0.0,34.1592508755012
0,0.0,26.28059874317756
0,0.0,21.508286276344535
0,0.0,20.844637636051804
0,0.0,19.105613016801453
0,0.0,19.061848299886343
0,0.0,18.02093940622785
0,0.0,17.70250684916473
0,0.0,16.039381143432685
0,0.0,15.59050014237736
