dimension,birth,death
0,0.0,inf
0,0.0,600.5055440973174
0,0.0,348.8087581839763
