dimension,birth,death
0,0.0,inf
0,0.0,619.6965972592133
0,0.0,430.3160798772563
0,0.0,99.58481385231433
0,0.0,47.94832550800799
