dimension,birth,death
0,0.0,inf
0,0.0,612.722179647
0,0.0,467.65016367571917
0,0.0,461.7680496050232
0,0.0,398.7816135626189
0,0.0,248.6976979587898
0,0.0,162.6064131527718
0,0.0,101.07968856927205
0,0.0,91.847083579586
0,0.0,90.74630231449194
0,0.0,82.62061681458385
0,0.0,66.74669406869725
0,0.0,53.3517459771906
0,0.0,38.8656974361921
0,0.0,38.76714578553397
0,0.0,20.330475169976093
0,0.0,16.659190504285473
0,0.0,15.445067443617214
0,0.0,14.85645492031383
