dimension,birth,death
0,0.0,inf
0,0.0,595.7513265840832
0,0.0,539.8856812108833
0,0.0,309.7021400902639
0,0.0,131.4436468606673
0,0.0,93.62242143221164
0,0.0,21.993583787202788
