dimension,birth,death
0,0.0,inf
0,0.0,733.7646944807781
0,0.0,660.75254745414
0,0.0,487.29234965547226
