dimension,birth,death
0,0.0,inf
0,0.0,633.3052441841226
0,0.0,509.4265564898188
0,0.0,157.87072324656953
0,0.0,28.684444103168115
0,0.0,22.116681706663663
