dimension,birth,death
0,0.0,inf
0,0.0,594.7062502550571
0,0.0,73.72405778045317
0,0.0,70.68602326709637
0,0.0,62.325954392469896
0,0.0,42.590992844981386
0,0.0,40.97193501882971
0,0.0,38.80540062886027
0,0.0,35.52819949299451
0,0.0,34.512269904911186
0,0.0,33.77780677483503
0,0.0,27.10881820722553
0,0.0,25.003493407718913
0,0.0,21.65132921917076
0,0.0,20.071852879012276
0,0.0,16.622340749916287
