dimension,birth,death
0,0.0,inf
0,0.0,566.0030776585684
0,0.0,528.8338488364589
0,0.0,345.0605965619953
0,0.0,313.5061668300809
0,0.0,285.5739956912541
0,0.0,262.9808622348679
0,0.0,208.4574712624839
0,0.0,206.31050139692837
0,0.0,78.51255964123115
0,0.0,29.109587939730083
0,0.0,27.468231957068685
0,0.0,27.390831317607137
0,0.0,24.606548428770484
0,0.0,15.953777292350084
0,0.0,13.899279056246893
0,0.0,11.47687580846705
