dimension,birth,death
0,0.0,inf
0,0.0,838.6387963620831
0,0.0,500.91881627045376
0,0.0,205.164277660103
0,0.0,158.44215507170492
0,0.0,129.98790989116586
0,0.0,70.96870532228525
0,0.0,50.67837410368048
0,0.0,49.67242035546239
0,0.0,42.186474920656906
0,0.0,34.91759545181184
0,0.0,33.42692001136615
0,0.0,22.584412408408692
0,0.0,21.35262530004671
0,0.0,18.941977941158598
