dimension,birth,death
0,0.0,inf
0,0.0,598.242877359892
0,0.0,509.3374947911972
0,0.0,509.2435240755373
0,0.0,461.30032155003784
0,0.0,241.1878137943795
0,0.0,149.71931072275189
0,0.0,95.49441269357044
0,0.0,92.57483913776653
0,0.0,36.68013858606666
0,0.0,27.513388585375935
0,0.0,10.397680673307704
