dimension,birth,death
0,0.0,inf
0,0.0,429.1864577209937
0,0.0,378.6078537192013
0,0.0,142.97013199132667
0,0.0,51.37170650573264
