dimension,birth,death
1,407.55077867019946,455.88394405231054
1,760.8331439162712,775.9631094043482
0,0.0,inf
0,0.0,693.4724693311704
0,0.0,535.707557845426
0,0.0,382.9379412879473
0,0.0,361.72152661027945
0,0.0,289.5963512496278
0,0.0,195.70741737932528
0,0.0,191.76555709077974
0,0.0,166.56947946892348
0,0.0,159.68913028190445
0,0.0,157.85747156422374
0,0.0,133.173523351885
0,0.0,51.55174125584481
0,0.0,50.39209284750207
0,0.0,30.83143061500258
0,0.0,26.15813297773389
0,0.0,13.978974637834053
