dimension,birth,death
0,0.0,inf
0,0.0,915.7146864584706
0,0.0,731.861806421293
