dimension,birth,death
0,0.0,inf
0,0.0,1018.7556694674066
0,0.0,1014.221886714861
0,0.0,166.46477608761978
0,0.0,140.73388465715993
0,0.0,17.432442133364486
0,0.0,11.522395455064062
0,0.0,11.089541443910612
