dimension,birth,death
0,0.0,inf
0,0.0,889.7611202984867
0,0.0,475.61471239532665
0,0.0,22.270823103538053
