dimension,birth,death
0,0.0,inf
0,0.0,1139.2685364761091
0,0.0,199.6873630587324
0,0.0,18.532675818014052
