dimension,birth,death
1,339.03114772831015,348.93872354772157
1,190.4326529409753,198.60653345206777
0,0.0,inf
0,0.0,523.7163002585291
0,0.0,450.5308680325974
0,0.0,427.0722780874206
0,0.0,324.7375085468906
0,0.0,248.92808787192942
0,0.0,159.71744459985888
0,0.0,141.36264232708902
0,0.0,113.03174314914763
0,0.0,104.77466536046879
0,0.0,83.9262339271227
0,0.0,79.56457169100769
0,0.0,49.459684923118765
