dimension,birth,death
0,0.0,inf
0,0.0,609.0239016132227
0,0.0,423.0200696049878
0,0.0,378.4105786386314
0,0.0,83.7831183103185
0,0.0,28.93209247518541
0,0.0,24.479035622266778
0,0.0,20.245032823655887
0,0.0,17.802872156666957
