dimension,birth,death
0,0.0,inf
0,0.0,185.48668241642034
0,0.0,28.417985789532143
