dimension,birth,death
1,772.1755331068914,1077.5130717582813
0,0.0,inf
0,0.0,726.680307077841
0,0.0,563.6207190953791
0,0.0,553.142541986714
0,0.0,547.4805180749522
0,0.0,392.13298503995134
0,0.0,362.6154899588032
0,0.0,337.45398904278653
0,0.0,283.6899370604789
0,0.0,246.43047091798846
0,0.0,235.66979020105774
0,0.0,186.40833480633574
0,0.0,127.51358276241972
0,0.0,81.98098801820832
0,0.0,58.123287439924624
0,0.0,26.762354125794594
0,0.0,23.185016439408876
0,0.0,19.096722434822425
