dimension,birth,death
0,0.0,inf
0,0.0,733.2535265470353
0,0.0,37.0546500974451
0,0.0,16.397224745995004
