dimension,birth,death
0,0.0,inf
0,0.0,452.9662380014862
0,0.0,296.7256099013435
0,0.0,268.0805366497319
0,0.0,222.82329433787305
0,0.0,219.07628706912382
0,0.0,189.98377456574102
0,0.0,178.90501693638222
0,0.0,178.24530079314297
0,0.0,166.95117862857208
0,0.0,151.3298599846102
0,0.0,116.38201189655939
0,0.0,99.75566600899279
0,0.0,80.47602447237658
0,0.0,59.41654949642555
0,0.0,44.06244554388443
0,0.0,41.096899342883404
0,0.0,36.378153817754786
0,0.0,34.52430359283845
0,0.0,24.435459650761985
