dimension,birth,death
0,0.0,inf
0,0.0,274.71636105597815
0,0.0,123.29080280816991
