dimension,birth,death
0,0.0,inf
0,0.0,18.616709780682697
0,0.0,18.53124364228116
