dimension,birth,death
0,0.0,inf
0,0.0,492.5307431133617
0,0.0,488.22595257551995
0,0.0,350.66534648089754
0,0.0,216.68738227856983
0,0.0,71.50855958831848
0,0.0,51.28149268333654
0,0.0,50.57860023658179
0,0.0,49.85798054860999
0,0.0,35.43854277823046
0,0.0,23.84537061472109
0,0.0,16.504325587007823
