dimension,birth,death
0,0.0,inf
0,0.0,598.8728020152032
0,0.0,582.49957297511
0,0.0,554.3494176651707
0,0.0,309.43278264864875
0,0.0,173.59008918045495
0,0.0,122.81018447680317
0,0.0,28.114542227690016
0,0.0,23.018197057203675
0,0.0,19.515470899671968
0,0.0,16.113746037822576
0,0.0,13.559408131239467
