dimension,birth,death
0,0.0,inf
0,0.0,649.8362246947686
0,0.0,597.1174247884871
0,0.0,546.7111448543784
0,0.0,479.06883018609756
0,0.0,372.5121903947572
0,0.0,234.809368546279
0,0.0,233.15827982103986
0,0.0,207.42772003284463
0,0.0,202.97485447942674
0,0.0,164.29245940944048
0,0.0,163.3355649568814
0,0.0,71.38451604668082
0,0.0,36.79076957164147
