dimension,birth,death
0,0.0,inf
0,0.0,471.9168283612505
0,0.0,221.53130914993312
0,0.0,191.4732293916249
0,0.0,183.1609471982794
0,0.0,179.26796574136173
0,0.0,165.129659286577
0,0.0,164.2541191176753
0,0.0,161.14939423514687
0,0.0,138.25321012342243
0,0.0,132.67958650139522
0,0.0,111.9123603489987
0,0.0,79.84429773413943
0,0.0,78.79838287109325
0,0.0,47.8135116388599
0,0.0,47.020126265622395
0,0.0,22.7224216899963
