dimension,birth,death
0,0.0,inf
0,0.0,599.9297298328704
0,0.0,544.106187861585
0,0.0,397.244912630098
0,0.0,389.92534418560837
0,0.0,262.46314218046507
0,0.0,246.89537110286756
0,0.0,207.34513251242765
0,0.0,207.32150411321174
0,0.0,174.14517978900474
0,0.0,156.59173881394193
0,0.0,123.18341728961954
0,0.0,100.74553710123452
0,0.0,72.80906084824265
0,0.0,64.70678492362268
0,0.0,61.84032319125899
0,0.0,56.34989489933433
0,0.0,41.97988873774504
0,0.0,34.43957362382363
0,0.0,19.00045182147285
