dimension,birth,death
0,0.0,inf
0,0.0,624.5694600195225
0,0.0,548.2217438481241
0,0.0,536.7693072760269
0,0.0,530.2819218174244
0,0.0,512.7174284504774
0,0.0,491.88367578443285
0,0.0,312.94197813091904
0,0.0,300.18171474281195
0,0.0,285.99744241038496
0,0.0,73.96234819683573
0,0.0,58.154154166680875
0,0.0,9.198272905667844
