dimension,birth,death
1,719.8739376684229,1016.2366472997941
0,0.0,inf
0,0.0,782.9471894443813
0,0.0,643.0038700913167
0,0.0,637.3664312538347
0,0.0,519.7809490699022
0,0.0,484.24023433017237
0,0.0,424.11852162383934
0,0.0,295.98390300545316
0,0.0,276.06574582444614
0,0.0,243.1732486906019
0,0.0,216.4733318593947
0,0.0,166.25308092194965
0,0.0,149.7414716140489
0,0.0,95.8697735472069
0,0.0,20.178144729115886
0,0.0,12.78846965562018
