dimension,birth,death
0,0.0,inf
0,0.0,419.1311115201
0,0.0,401.02838635301123
0,0.0,332.6668168659932
0,0.0,286.14288113983
0,0.0,43.77518548237762
0,0.0,36.690789488137256
0,0.0,33.57019214207919
0,0.0,28.06445500267377
0,0.0,26.628750611914526
0,0.0,25.755578875961366
0,0.0,25.549751737284076
0,0.0,22.367165059161056
0,0.0,19.628191792356116
0,0.0,17.935220371355165
0,0.0,16.275243093265935
0,0.0,16.00626305548412
